Sample,,,,,,,,Morphine Results,,,Oxymorphone Results,,,Hydromorphone Results,,,Pseudoephedrine Results,,,Gabapentin Results,,,Pregabalin Results,,,Codeine Results,,,Naloxone Results,,,Amphetamine Results,,,Noroxycodone Results,,,Oxycodone Results,,,MDA Results,,,Methamphetamine Results,,,Naltrexone Results,,,Norhydrocodone Results,,,6-Acetylmorphine Results,,,ortho-Desmethyltramadol Results,,,Hydrocodone Results,,,MDMA Results,,,Phentermine Results,,,MDEA Results,,,Norketamine Results,,,Ritalinic Acid Results,,,Ketamine Results,,,Zolpidem phenyl-4-carboxylic acid ZCA Results,,,Norfentanyl Results,,,ortho-Desmethylvenlafaxine Results,,,Benzoylecgonine Results,,,Xylazine Results,,,Lamotrigine Results,,,Hydroxybupropion Results,,,Tramadol Results,,,Tapentadol Results,,,MDPV Results,,,Normeperidine Results,,,Meperidine Results,,,7Aminoclonazepam Results,,,Norbuprenorphine Results,,,Acetylfentanyl Results,,,Trazodone Results,,,PCP Results,,,Meprobamate Results,,,Acrylfentanyl Results,,,Fentanyl Results,,,4-Anilino-N-Phenethylpiperidine Results,,,Phenobarbital Results,,,Diphenhydramine Results,,,Furanylfentanyl Results,,,para-Fluorofentanyl Results,,,Citalopram Results,,,Carfentanil Results,,,Mitragynine Results,,,Buprenorphine Results,,,EDDP Results,,,Butalbital Results,,,Paroxetine Results,,,Desipramine Results,,,Cyclobenzaprine Results,,,Imipramine Results,,,Nortriptyline Results,,,Duloxetine Results,,,Amitriptyline Results,,,Methadone Results,,,Fluoxetine Results,,,Sertraline Results,,,Alpha-Hydroxyalprazolam Results,,,Oxazepam Results,,,Secobarbital Results,,,Lorazepam Results,,,Carisoprodol Results,,,Alprazolam Results,,,Temazepam Results,,,Nordiazepam Results,,,Diazepam Results,,,THC-COOH Results,,
,,Name,Data File,Type,Level,Acq. Date-Time,Pos.,RT,Final Conc.,Accuracy,RT,Final Conc.,Accuracy,RT,Final Conc.,Accuracy,RT,Final Conc.,Accuracy,RT,Final Conc.,Accuracy,RT,Final Conc.,Accuracy,RT,Final Conc.,Accuracy,RT,Final Conc.,Accuracy,RT,Final Conc.,Accuracy,RT,Final Conc.,Accuracy,RT,Final Conc.,Accuracy,RT,Final Conc.,Accuracy,RT,Final Conc.,Accuracy,RT,Final Conc.,Accuracy,RT,Final Conc.,Accuracy,RT,Final Conc.,Accuracy,RT,Final Conc.,Accuracy,RT,Final Conc.,Accuracy,RT,Final Conc.,Accuracy,RT,Final Conc.,Accuracy,RT,Final Conc.,Accuracy,RT,Final Conc.,Accuracy,RT,Final Conc.,Accuracy,RT,Final Conc.,Accuracy,RT,Final Conc.,Accuracy,RT,Final Conc.,Accuracy,RT,Final Conc.,Accuracy,RT,Final Conc.,Accuracy,RT,Final Conc.,Accuracy,RT,Final Conc.,Accuracy,RT,Final Conc.,Accuracy,RT,Final Conc.,Accuracy,RT,Final Conc.,Accuracy,RT,Final Conc.,Accuracy,RT,Final Conc.,Accuracy,RT,Final Conc.,Accuracy,RT,Final Conc.,Accuracy,RT,Final Conc.,Accuracy,RT,Final Conc.,Accuracy,RT,Final Conc.,Accuracy,RT,Final Conc.,Accuracy,RT,Final Conc.,Accuracy,RT,Final Conc.,Accuracy,RT,Final Conc.,Accuracy,RT,Final Conc.,Accuracy,RT,Final Conc.,Accuracy,RT,Final Conc.,Accuracy,RT,Final Conc.,Accuracy,RT,Final Conc.,Accuracy,RT,Final Conc.,Accuracy,RT,Final Conc.,Accuracy,RT,Final Conc.,Accuracy,RT,Final Conc.,Accuracy,RT,Final Conc.,Accuracy,RT,Final Conc.,Accuracy,RT,Final Conc.,Accuracy,RT,Final Conc.,Accuracy,RT,Final Conc.,Accuracy,RT,Final Conc.,Accuracy,RT,Final Conc.,Accuracy,RT,Final Conc.,Accuracy,RT,Final Conc.,Accuracy,RT,Final Conc.,Accuracy,RT,Final Conc.,Accuracy,RT,Final Conc.,Accuracy,RT,Final Conc.,Accuracy,RT,Final Conc.,Accuracy,RT,Final Conc.,Accuracy,RT,Final Conc.,Accuracy,RT,Final Conc.,Accuracy,RT,Final Conc.,Accuracy,RT,Final Conc.,Accuracy,RT,Final Conc.,Accuracy,RT,Final Conc.,Accuracy,RT,Final Conc.,Accuracy
,!,L1,15SEP2026_LCMS6_MP_001_008.d,Cal,1,9/15/2026 1:44 PM,P1-A1,0.431,23.9600,95.8,0.474,23.3971,93.6,0.555,24.5779,98.3,0.814,47.9113,95.8,0.816,241.6861,96.7,0.831,116.5108,93.2,0.969,22.4154,89.7,0.998,24.2746,97.1,1.037,46.5034,93.0,1.111,22.0211,88.1,1.138,25.0981,100.4,1.151,50.7602,101.5,1.169,42.6743,85.3,1.187,24.7460,99.0,1.205,24.4725,97.9,1.217,4.9396,98.8,1.223,21.4232,85.7,1.235,26.9209,107.7,1.246,49.0771,98.2,1.301,44.5967,89.2,1.392,55.3851,110.8,1.437,22.5349,90.1,1.439,42.5014,85.0,1.469,21.8004,87.2,1.483,4.7405,94.8,1.488,7.5496,100.7,1.499,28.0324,112.1,1.562,23.3765,93.5,1.595,2.4796,99.2,1.598,12.8286,102.6,1.640,12.5455,100.4,1.638,22.1854,88.7,1.723,24.9702,99.9,1.772,24.1798,96.7,1.817,24.3533,97.4,1.823,22.0596,88.2,1.915,25.6935,102.8,1.953,10.6729,106.7,1.958,1.0160,101.6,2.051,25.8782,103.5,2.059,4.8479,97.0,2.118,25.3254,101.3,2.140,0.9504,95.0,2.177,0.9925,99.2,2.200,0.8078,80.8,2.199,133.2741,88.8,2.246,24.5780,98.3,2.247,0.8936,89.4,2.241,0.9272,92.7,2.297,12.2277,97.8,2.340,0.9636,96.4,2.370,4.2049,84.1,2.366,2.4565,98.3,2.376,24.1319,96.5,2.424,160.5369,107.0,2.458,19.2448,154.0,2.480,23.5594,94.2,2.523,12.2902,98.3,2.525,24.4701,97.9,2.552,23.8368,95.3,2.558,12.6898,101.5,2.591,20.2901,81.2,2.603,24.5443,98.2,2.671,10.8920,87.1,2.701,18.5252,148.2,2.755,24.7148,98.9,2.829,22.2658,89.1,2.865,149.5768,99.7,2.905,24.3843,97.5,2.919,26.8254,107.3,2.927,21.5799,86.3,3.113,24.2942,97.2,3.137,22.2044,88.8,3.439,21.5349,86.1,4.529,9.9127,99.1
,!,L2,15SEP2026_LCMS6_MP_001_009.d,Cal,2,9/15/2026 1:51 PM,P1-B1,0.431,50.9866,102.0,0.474,51.7598,103.5,0.546,51.2628,102.5,0.814,100.7728,100.8,0.816,485.8501,97.2,0.831,235.1250,94.0,0.969,48.8180,97.6,0.998,48.8681,97.7,1.037,98.6576,98.7,1.111,55.6205,111.2,1.138,49.7986,99.6,1.151,94.8328,94.8,1.169,108.1337,108.1,1.178,64.5138,129.0,1.196,48.7507,97.5,1.217,10.0773,100.8,1.223,56.8813,113.8,1.235,55.1446,110.3,1.246,101.1259,101.1,1.301,109.2879,109.3,1.392,91.7892,91.8,1.437,51.5949,103.2,1.439,115.3919,115.4,1.468,54.4499,108.9,1.492,9.4795,94.8,1.488,15.6689,104.5,1.499,43.5146,87.0,1.562,49.2507,98.5,1.586,5.1223,102.4,1.598,25.0623,100.2,1.632,31.7582,127.0,1.638,54.3527,108.7,1.715,50.0612,100.1,1.772,60.9267,121.9,1.817,49.3706,98.7,1.823,57.2538,114.5,1.915,44.8889,89.8,1.953,20.1481,100.7,1.958,1.9996,100.0,2.051,49.2147,98.4,2.059,10.5681,105.7,2.118,57.8982,115.8,2.140,2.2177,110.9,2.177,2.0566,102.8,2.200,2.2193,111.0,2.199,303.3783,101.1,2.246,51.5349,103.1,2.247,2.2932,114.7,2.250,2.2672,113.4,2.306,26.5452,106.2,2.349,1.9148,95.7,2.378,8.5744,85.7,2.374,4.6519,93.0,2.376,50.3011,100.6,2.433,160.5789,53.5,2.467,40.0040,160.0,2.489,50.7237,101.4,2.523,26.4481,105.8,2.525,54.7798,109.6,2.552,51.6838,103.4,2.558,24.0853,96.3,2.591,59.6676,119.3,2.603,48.3019,96.6,2.671,24.4408,97.8,2.701,42.0127,168.1,2.746,61.8058,123.6,2.829,48.5721,97.1,2.865,312.3028,104.1,2.905,61.4483,122.9,2.919,63.6076,127.2,2.936,57.0201,114.0,3.122,47.7631,95.5,3.137,56.4120,112.8,3.439,55.8254,111.7,4.529,17.3213,86.6
,!,L3,15SEP2026_LCMS6_MP_001_010.d,Cal,3,9/15/2026 1:58 PM,P1-C1,0.431,980.5618,98.1,0.465,1070.2510,107.0,0.538,995.5083,99.6,0.797,1989.9427,99.5,0.808,9899.2636,99.0,0.814,5010.4904,100.2,0.943,1001.3702,100.1,0.981,999.2365,99.9,1.020,1959.4726,98.0,1.094,996.8643,99.7,1.121,1000.1033,100.0,1.134,2000.8002,100.0,1.152,2044.7245,102.2,1.178,999.7326,100.0,1.188,999.9563,100.0,1.208,210.3194,105.2,1.214,994.7382,99.5,1.227,997.3682,99.7,1.237,1973.5712,98.7,1.292,2009.4435,100.5,1.383,2005.6686,100.3,1.428,977.1573,97.7,1.430,1992.1067,99.6,1.460,1068.1210,106.8,1.483,270.4243,135.2,1.488,304.6326,101.5,1.490,1003.1920,100.3,1.554,1000.6153,100.1,1.578,99.9955,100.0,1.589,491.9102,98.4,1.632,500.0479,100.0,1.638,989.9802,99.0,1.706,999.9686,100.0,1.763,999.1367,99.9,1.808,1007.7334,100.8,1.815,1008.3059,100.8,1.915,1000.7300,100.1,1.953,422.1009,105.5,1.958,41.5112,103.8,2.043,1065.6320,106.6,2.051,198.1397,99.1,2.118,1022.3708,102.2,2.132,39.9477,99.9,2.168,41.7744,104.4,2.192,37.6740,94.2,2.199,5549.6815,92.5,2.237,1025.0293,102.5,2.238,39.2922,98.2,2.241,40.0418,100.1,2.297,507.5103,101.5,2.331,40.9046,102.3,2.361,199.1630,99.6,2.366,103.4335,103.4,2.367,1011.2201,101.1,2.424,6011.0914,100.2,2.441,497.8920,99.6,2.463,993.4590,99.3,2.506,525.2876,105.1,2.508,1003.2444,100.3,2.535,1002.0088,100.2,2.541,501.9123,100.4,2.573,995.0423,99.5,2.586,1000.5530,100.1,2.663,498.3073,99.7,2.692,506.6157,101.3,2.746,999.6998,100.0,2.829,966.4875,96.6,2.865,6288.5137,104.8,2.896,999.3519,99.9,2.911,1091.6598,109.2,2.927,996.3999,99.6,3.113,1041.7980,104.2,3.137,992.2414,99.2,3.446,993.6634,99.4,4.529,411.1434,102.8
,!,QC L,15SEP2026_LCMS6_MP_001_011.d,QC,4,9/15/2026 2:06 PM,P1-D1,0.431,38.6964,103.2,0.465,47.5564,126.8,0.546,40.0361,106.8,0.806,74.2910,99.1,0.816,424.5353,113.2,0.823,173.3726,92.5,0.960,39.4552,105.2,0.989,51.6234,137.7,1.029,77.7309,103.6,1.103,24.8832,66.4,1.138,57.2073,152.6,1.151,94.0145,125.4,1.169,84.5869,112.8,1.178,18.5796,49.5,1.196,40.1477,107.1,1.208,6.5363,87.2,1.223,31.6520,84.4,1.235,37.3782,99.7,1.237,73.0130,97.4,1.292,83.8969,111.9,1.383,83.3550,111.1,1.428,34.6495,92.4,1.430,87.9573,117.3,1.468,37.1314,99.0,1.483,8.5539,114.1,1.488,11.0668,98.4,1.490,43.7010,116.5,1.554,35.9379,95.8,1.586,4.5628,121.7,1.598,20.6053,109.9,1.632,14.7486,78.7,1.638,37.9998,101.3,1.715,67.4019,179.7,1.763,31.0795,82.9,1.817,39.8211,106.2,1.823,33.5750,89.5,1.915,42.3608,113.0,1.953,14.4324,96.2,1.958,1.6801,112.0,2.051,38.1684,101.8,2.059,7.7506,103.3,2.118,29.9967,80.0,2.132,1.2216,81.4,2.168,1.3353,89.0,2.200,1.4988,99.9,2.199,206.9438,92.0,2.246,37.3850,99.7,2.247,1.4730,98.2,2.241,1.3704,91.4,2.297,18.3310,97.8,2.340,1.4664,97.8,2.370,10.3027,137.4,2.366,3.7364,99.6,2.376,37.1228,99.0,2.424,308.1479,137.0,2.458,17.2315,91.9,2.480,38.0996,101.6,2.523,16.0564,85.6,2.516,34.5840,92.2,2.544,38.2616,102.0,2.549,19.0113,101.4,2.582,58.2204,155.3,2.595,55.4220,147.8,2.663,20.9544,111.8,2.692,19.9635,106.5,2.746,37.5398,100.1,2.829,40.1534,107.1,2.865,193.7925,86.1,2.905,31.3468,83.6,2.919,31.7116,84.6,2.927,43.0638,114.8,3.122,61.9783,165.3,3.137,27.5192,73.4,3.439,30.8483,82.3,4.529,14.3895,95.9
,!,QC H,15SEP2026_LCMS6_MP_001_012.d,QC,5,9/15/2026 2:13 PM,P1-E1,0.431,635.7376,101.7,0.465,503.1743,80.5,0.546,664.9787,106.4,0.806,1183.6055,94.7,0.816,4977.6303,79.6,0.823,2741.3126,87.7,0.952,525.7402,84.1,0.981,523.9849,83.8,1.029,1228.1783,98.3,1.103,698.2934,111.7,1.129,474.2681,75.9,1.142,976.2644,78.1,1.160,1314.2959,105.1,1.178,908.9590,145.4,1.196,681.1491,109.0,1.208,117.7417,94.2,1.223,620.1803,99.2,1.227,681.5037,109.0,1.237,1186.8724,94.9,1.292,1207.7733,96.6,1.383,1021.1767,81.7,1.428,613.2863,98.1,1.439,1274.0064,101.9,1.468,633.9965,101.4,1.492,118.9109,95.1,1.488,183.7936,98.0,1.490,516.7844,82.7,1.562,600.8794,96.1,1.586,65.6217,105.0,1.598,342.4643,109.6,1.632,365.5554,117.0,1.638,558.5102,89.4,1.715,525.3748,84.1,1.763,728.9048,116.6,1.808,612.5555,98.0,1.815,736.3487,117.8,1.915,468.9182,75.0,1.953,240.5340,96.2,1.950,23.4411,93.8,2.043,598.3616,95.7,2.042,130.3564,104.3,2.118,591.7943,94.7,2.123,25.8296,103.3,2.159,21.4612,85.8,2.183,26.7499,107.0,2.199,3398.9489,90.6,2.228,608.5673,97.4,2.238,23.4316,93.7,2.232,22.8729,91.5,2.289,313.1102,100.2,2.331,22.5583,90.2,2.361,106.8447,85.5,2.366,53.9966,86.4,2.367,595.9023,95.3,2.416,2125.5855,56.7,2.441,378.0846,121.0,2.471,574.8603,92.0,2.506,269.0592,86.1,2.507,623.1891,99.7,2.535,588.2208,94.1,2.541,312.4567,100.0,2.573,647.4117,103.6,2.586,550.2202,88.0,2.663,278.7928,89.2,2.692,415.5835,133.0,2.746,813.4866,130.2,2.829,600.5686,96.1,2.865,3328.9823,88.8,2.896,686.2340,109.8,2.911,658.8485,105.4,2.927,685.9262,109.7,3.113,569.9832,91.2,3.137,741.4458,118.6,3.446,693.5779,111.0,4.529,230.7135,92.3
,!,QC N,15SEP2026_LCMS6_MP_001_013.d,Blank,,9/15/2026 2:20 PM,P1-F1,0.415,2.6590,,0.465,0.0000,,0.546,0.0000,,0.814,0.0000,,0.816,0.0000,,0.942,0.0000,,0.867,0.0000,,0.836,0.0000,,1.046,0.0000,,1.145,0.0000,,,,,1.211,0.0000,,1.169,0.0000,,1.161,2.2496,,1.119,0.0000,,1.311,0.2752,,1.249,0.0000,,1.227,4.2702,,1.246,0.8686,,1.292,0.0000,,1.383,19.2083,,1.455,0.0000,,1.439,0.0000,,1.486,0.0000,,1.492,0.0000,,1.480,0.3585,,1.352,10.2339,,1.493,0.0000,,1.630,0.0000,,1.952,0.0000,,1.554,1.3212,,1.638,0.0000,,1.688,1.8916,,1.711,1.0743,,1.791,0.0000,,1.806,0.0000,,1.761,0.0000,,2.032,0.8017,,1.907,0.0000,,2.042,0.0000,,2.068,0.0000,,2.118,0.0000,,2.209,0.0000,,2.177,0.0445,,,,,2.182,0.0000,,2.237,0.0000,,2.247,0.0000,,2.267,0.0000,,2.314,0.0000,,2.323,0.0000,,2.352,0.0000,,2.366,0.0000,,2.367,0.0000,,2.545,0.0000,,2.449,4.8446,,2.480,0.0000,,2.506,0.0000,,2.507,0.0000,,2.543,0.0000,,2.541,0.0000,,2.573,0.0000,,2.586,0.0000,,2.663,0.0000,,2.701,6.4955,,2.746,0.0000,,2.838,0.0000,,2.926,28.2646,,2.888,0.0000,,2.902,0.0000,,3.370,0.0000,,3.105,0.0000,,3.146,0.0000,,3.455,0.0000,,4.571,0.0000,
!,!,T262580282,15SEP2026_LCMS6_MP_001_014.d,Sample,,9/15/2026 2:27 PM,P1-G1,0.574,1.3593,,0.425,0.0000,,,,,1.010,3.3514,,0.901,25.0120,,0.967,24.8127,,0.969,0.0000,,1.135,8.4842,,1.054,0.0000,,1.111,0.0000,,1.155,0.0000,,0.877,0.7942,,1.186,0.0000,,1.015,2.6646,,1.437,0.0000,,1.131,0.8869,,1.249,0.0000,,1.244,4.3118,,0.895,3.7340,,1.190,0.0000,,1.607,19.2194,,1.437,0.0000,,1.508,0.0000,,1.503,0.0000,,1.518,0.0000,,1.523,0.3764,,1.525,10.3048,,1.562,0.0000,,1.526,0.0000,,1.650,0.0000,,1.494,1.8976,,1.655,0.0000,,1.689,2.3875,,1.866,1.0219,,1.765,0.0969,,1.909,0.0000,,2.080,0.0000,,1.971,330.9132,,2.115,0.0039,,2.060,0.0000,,2.068,0.0000,,2.205,0.0000,,2.132,0.0000,,2.082,0.1192,,2.226,0.0000,,2.477,0.0000,,2.264,0.0000,,2.073,0.0000,,2.128,0.0000,,2.340,0.0000,,2.522,0.0000,,2.378,0.0000,,2.383,786.5586,,2.385,0.0000,,2.329,20.5236,,2.336,4.9568,,2.506,0.0000,,2.488,0.0000,,2.542,0.0000,,2.587,0.0000,,2.402,0.7225,,2.496,0.0000,,2.603,0.0000,,2.680,2391.6353,,2.545,6.3117,,2.573,0.0000,,2.760,0.0000,,2.719,36.4275,,2.888,0.0000,,2.902,0.0000,,3.370,6.8241,,3.181,0.0000,,3.180,0.0000,,3.488,0.0000,,,,
!,!,T262580279,15SEP2026_LCMS6_MP_001_015.d,Sample,,9/15/2026 2:34 PM,P1-H1,0.415,2.3169,,0.474,0.0000,,,,,1.010,22.2417,,0.901,12.0476,,0.712,0.0000,,0.892,0.0000,,0.981,255.1453,,1.046,0.0000,,0.957,0.0000,,1.180,0.0000,,1.074,0.3137,,1.169,0.0000,,1.212,2.4701,,1.153,0.0000,,1.354,0.7006,,1.248,0.0000,,1.244,4.2957,,1.228,0.8923,,1.164,0.0000,,1.400,19.2207,,1.351,0.0000,,1.310,0.0000,,1.477,0.0000,,1.673,0.0000,,1.488,0.3453,,1.499,10.4146,,1.562,0.5874,,1.664,0.0000,,1.494,0.0000,,1.736,1.5515,,1.638,0.0000,,1.706,1.7245,,1.685,0.9917,,1.731,0.0000,,1.711,0.0000,,2.071,0.3717,,1.953,365.6626,,2.054,0.0460,,2.051,0.0000,,2.059,0.0000,,2.335,0.0000,,2.106,0.0000,,2.151,0.0713,,2.382,0.0000,,1.837,0.0000,,2.246,0.0000,,2.360,0.0000,,2.059,0.0000,,2.323,0.0000,,2.643,0.0000,,2.509,0.0000,,2.366,125.9584,,2.368,0.0000,,2.303,0.0000,,2.467,4.9220,,2.489,0.0000,,2.592,0.0000,,2.525,0.0000,,2.526,0.0000,,2.393,0.3678,,2.599,0.0000,,2.586,0.0000,,2.671,0.0000,,2.847,6.2508,,3.021,0.0000,,2.924,0.0000,,,,,2.836,0.0000,,2.945,0.0000,,2.496,0.0000,,3.105,0.0000,,3.137,0.0000,,3.439,0.0000,,4.270,0.0000,
!,!,T262580278,15SEP2026_LCMS6_MP_001_016.d,Sample,,9/15/2026 2:41 PM,P1-A2,0.415,0.2328,,0.465,0.1483,,,,,0.619,0.0000,,0.893,19.9153,,0.865,0.0000,,0.892,0.0000,,1.143,1.1913,,1.011,0.0000,,1.085,0.0000,,1.274,0.0000,,0.988,0.0000,,1.152,0.0000,,1.161,2324.5191,,1.290,0.0000,,1.191,0.0000,,1.403,0.0000,,1.270,4.3547,,0.895,1.3534,,1.361,0.0000,,1.392,19.2037,,1.420,0.0000,,1.318,0.0000,,1.624,0.0000,,1.664,0.0000,,1.376,0.4253,,1.377,10.2428,,1.571,0.0000,,1.715,0.0000,,1.564,2.7154,,1.623,1374.2906,,1.638,0.0000,,1.577,2.0281,,1.772,0.9646,,1.868,0.0000,,1.781,0.0000,,2.071,2.5602,,2.084,2.0852,,1.976,0.0179,,2.060,300.0365,,2.441,0.0000,,2.178,0.0000,,2.115,0.0000,,2.082,0.0620,,2.426,0.0000,,2.303,0.0000,,2.246,0.0000,,2.325,0.0000,,2.241,0.0000,,2.323,0.0000,,2.098,0.0000,,2.335,0.0000,,2.106,0.0000,,2.385,0.0000,,2.814,0.0000,,2.310,5.3570,,2.489,0.0000,,2.523,0.0000,,2.533,0.0000,,2.544,0.0000,,2.402,0.2860,,2.487,0.0000,,2.612,0.0000,,2.680,0.0000,,2.727,6.2514,,2.729,0.0000,,2.889,0.0000,,2.900,30.2445,,3.296,0.0000,,2.996,0.0000,,2.738,0.0000,,3.327,0.0000,,3.120,0.0000,,3.389,0.0000,,4.337,0.0000,
!,!,T262580273,15SEP2026_LCMS6_MP_001_017.d,Sample,,9/15/2026 2:48 PM,P1-B2,0.447,1.5215,,0.433,0.0000,,,,,1.010,77.2706,,0.927,94.0929,,0.576,12.6962,,,,,1.126,4.0367,,1.080,0.0000,,0.846,0.0000,,1.189,0.0000,,0.852,15.9111,,1.160,0.0000,,1.255,4.1779,,1.471,0.0000,,1.131,0.7942,,1.231,0.0000,,1.373,4.4477,,1.220,1.6059,,1.283,0.0000,,1.590,19.4406,,1.351,0.0000,,1.301,0.0000,,1.477,0.0000,,1.647,0.0000,,1.480,0.4222,,1.646,10.4509,,1.588,0.0000,,1.647,0.0000,,1.589,1.0435,,2.074,0.0000,,1.647,0.0000,,,,,1.685,1.0759,,1.722,0.0000,,1.720,0.0000,,2.131,0.0000,,1.971,1.1569,,1.967,0.0000,,2.051,0.0000,,2.137,0.0000,,1.971,0.0000,,2.175,0.0000,,2.212,0.0606,,2.157,0.0000,,2.364,0.0000,,2.246,0.0000,,2.108,0.0000,,2.250,0.0000,,2.314,0.0000,,2.227,0.0000,,2.335,0.0000,,2.730,0.0000,,2.385,0.0000,,2.190,0.0000,,2.423,5.2751,,2.480,0.0000,,2.506,0.0000,,2.568,0.0000,,2.708,0.0000,,2.393,2.6543,,2.841,0.0000,,2.595,0.0000,,2.671,310.4399,,2.735,6.2551,,2.763,0.0000,,2.786,0.0000,,2.615,28.4324,,2.905,0.0000,,2.928,0.0000,,2.747,0.0000,,3.122,0.0000,,3.077,0.0000,,3.338,0.0000,,4.538,27.1516,
!,!,T262580265,15SEP2026_LCMS6_MP_001_018.d,Sample,,9/15/2026 2:56 PM,P1-C2,0.415,0.8100,,0.408,0.0000,,,,,0.908,0.0000,,0.893,0.0000,,0.577,2.7646,,0.943,0.0000,,0.981,2375.5994,,1.029,0.0000,,1.137,0.0000,,1.266,0.0000,,1.211,0.0000,,1.169,0.0000,,1.187,3.7510,,1.179,0.0000,,0.977,0.0000,,1.231,0.0000,,1.244,4.2516,,0.895,1.5782,,1.172,0.0000,,1.426,19.1821,,1.403,0.0000,,1.319,0.0000,,1.503,0.0000,,1.449,0.0000,,1.497,0.3788,,1.395,10.2351,,1.562,66.0955,,1.509,0.0000,,1.633,1.0257,,1.736,1.8265,,1.647,0.0000,,1.878,2.1782,,1.755,0.9912,,1.696,0.0000,,1.729,0.0000,,2.071,3.6990,,1.953,1346.6016,,1.976,0.0000,,2.051,0.0000,,2.042,0.0000,,1.944,0.0000,,2.235,0.0000,,2.264,0.0490,,2.399,0.0000,,2.001,0.0000,,2.246,0.0000,,2.360,0.0000,,2.085,0.0000,,2.323,0.0000,,2.158,0.0000,,2.335,0.0000,,2.374,906.1053,,2.385,0.0000,,2.035,0.0000,,2.267,4.6203,,2.480,0.0000,,2.523,220.9594,,2.594,0.0000,,2.483,0.0000,,2.402,1.5952,,2.522,0.0000,,2.603,0.0000,,2.671,0.0000,,2.744,6.2734,,,,,2.984,0.0000,,2.960,30.6283,,2.845,0.0000,,2.962,0.0000,,2.487,0.0000,,3.156,0.0000,,3.129,0.0000,,3.312,0.0000,,4.521,30.4862,
!,!,T262580253,15SEP2026_LCMS6_MP_001_019.d,Sample,,9/15/2026 3:03 PM,P1-D2,0.406,3.2944,,0.408,0.0000,,,,,0.763,3.6924,,0.884,0.0000,,0.823,4.3714,,0.909,0.0000,,1.126,0.1178,,1.020,1434.4845,,1.351,9.4752,,1.292,0.0000,,1.074,0.0000,,1.152,6150.2135,,0.990,7.6903,,1.247,0.0000,,1.114,0.5819,,1.266,0.0000,,1.253,4.4488,,0.886,1.2376,,1.147,0.0000,,1.426,19.1874,,1.411,0.0000,,1.327,0.0000,,1.469,0.0000,,1.656,0.0000,,1.333,0.3648,,1.447,10.2659,,1.562,58.5313,,1.698,0.0000,,1.572,48293.9073,,1.753,4.9745,,1.655,0.0000,,1.681,2.3464,,1.772,0.9726,,1.731,0.0000,,1.737,1.6410,,1.786,0.0000,,1.980,1.9481,,2.071,0.0562,,2.043,1846.0492,,2.068,0.0000,,2.066,0.0000,,2.115,0.0000,,2.082,0.0579,,2.633,0.0000,,2.373,0.0000,,2.237,0.0000,,2.265,0.0000,,2.466,0.0000,,2.306,0.0000,,2.513,0.0000,,2.335,0.0000,,2.357,0.0000,,2.359,0.0000,,2.398,0.0000,,2.414,5.0543,,2.480,0.0000,,2.523,0.0000,,2.525,0.0000,,2.812,0.0000,,2.385,1.0129,,2.504,0.0000,,3.357,0.0000,,2.663,0.0000,,2.683,1277.6244,,2.755,0.0000,,2.778,0.0000,,2.814,28.1886,,2.819,0.0000,,2.954,0.0000,,3.370,0.0000,,3.156,0.0000,,3.171,0.0000,,3.505,0.0000,,4.538,6660.4618,
!,!,T262580246,15SEP2026_LCMS6_MP_001_020.d,Sample,,9/15/2026 3:10 PM,P1-E2,0.489,3.5988,,0.408,0.0000,,0.597,0.0000,,0.619,0.0000,,0.910,0.0000,,0.984,12.9653,,1.098,0.0000,,1.135,0.7618,,1.029,0.0000,,1.111,0.0000,,1.138,0.0000,,1.065,1.1690,,1.169,0.0000,,1.006,4.1804,,1.213,0.0000,,1.131,0.6660,,1.300,0.0000,,1.021,4.3037,,1.246,0.9377,,1.361,0.0000,,1.400,19.1842,,1.394,0.0000,,1.293,0.0000,,1.503,0.0000,,1.405,0.0000,,1.480,0.4096,,1.646,10.3551,,1.571,70.7311,,1.673,0.2038,,1.598,0.0893,,1.615,1.6909,,1.638,0.0000,,1.903,1.9656,,1.849,1.0309,,1.834,0.0000,,1.737,0.0000,,1.967,0.0000,,2.076,2.0745,,2.157,0.0326,,2.051,0.0000,,2.441,0.1020,,,,,1.958,0.0000,,2.082,0.0938,,2.625,0.0000,,,,,2.246,0.0000,,2.125,0.0000,,2.258,0.0000,,2.323,0.0000,,2.115,0.0000,,2.344,0.0000,,2.357,0.0000,,2.376,0.0000,,2.329,0.0000,,2.631,5.5580,,2.471,0.0000,,2.523,54.2231,,2.655,0.0000,,2.483,0.0000,,2.385,0.2981,,2.522,0.0000,,2.603,0.0000,,2.671,0.0000,,2.692,6.8118,,,,,2.933,0.0000,,2.667,28.5536,,2.940,0.0000,,2.842,0.0000,,3.370,0.0000,,3.156,0.0000,,3.222,0.0000,,3.346,0.0000,,4.538,4.2089,
!,!,T262580239,15SEP2026_LCMS6_MP_001_021.d,Sample,,9/15/2026 3:17 PM,P1-F2,0.431,5.3366,,0.392,1.1978,,,,,1.010,7.9165,,0.902,0.0000,,0.857,1.0682,,0.969,0.0000,,1.135,0.8142,,1.029,0.0000,,1.042,0.0000,,1.172,0.0000,,1.065,0.0000,,1.169,0.0000,,1.007,2.8874,,1.385,0.0000,,1.140,0.7854,,1.249,0.0000,,1.244,4.2133,,1.401,0.8568,,1.404,0.0000,,1.014,19.3146,,1.653,0.0000,,1.310,0.0000,,1.494,0.0000,,1.431,0.0000,,1.497,0.3697,,1.654,10.3212,,1.562,37.6049,,1.673,0.0000,,1.607,0.1978,,1.710,2.9072,,1.647,0.0000,,1.595,1.8761,,1.909,1.0904,,1.877,0.0000,,1.694,0.3347,,2.071,4.0452,,2.006,2.0337,,2.045,0.0070,,2.060,0.0000,,2.042,0.0000,,2.239,0.0000,,2.141,0.0000,,,,,2.296,0.0000,,2.200,0.0000,,2.246,0.0000,,1.934,0.0000,,2.241,0.0000,,2.323,0.0300,,,,,2.404,0.0000,,2.366,0.0000,,2.376,0.0000,,2.026,0.0000,,2.397,5.1841,,2.454,0.0000,,2.523,1.4637,,2.663,0.0000,,2.544,0.0000,,2.393,2.4815,,2.582,0.0000,,2.586,0.0000,,2.672,0.0000,,2.701,6.4705,,2.892,0.0000,,2.527,0.0000,,2.788,32.2104,,2.914,10.0873,,3.048,0.0000,,3.370,0.0000,,3.156,0.0000,,3.086,0.0000,,3.100,0.0000,,4.546,0.0000,
!,!,T262580236,15SEP2026_LCMS6_MP_001_022.d,Sample,,9/15/2026 3:24 PM,P1-G2,0.431,5.7154,,,,,,,,0.900,0.0000,,0.816,3.1700,,0.959,5.3857,,0.638,0.0000,,1.126,0.0000,,1.149,0.0000,,1.282,0.0000,,1.283,0.0000,,1.202,0.0000,,1.160,0.0000,,1.221,2.2618,,1.153,0.0000,,1.131,0.2656,,1.412,0.0000,,1.287,15.0109,,1.280,0.8353,,1.155,0.0000,,1.418,19.1940,,1.368,0.0000,,1.310,0.0000,,1.477,0.0000,,1.199,0.0000,,1.514,0.3933,,1.637,10.3015,,1.597,0.0000,,1.388,0.0000,,1.607,0.0000,,1.589,1.3137,,1.638,0.0000,,1.903,1.8263,,1.935,0.9719,,1.714,0.0000,,1.746,0.0000,,2.106,0.0000,,1.945,0.9488,,2.184,0.0000,,2.051,48.1381,,2.085,0.0000,,1.962,0.0000,,2.227,0.0000,,2.273,0.0486,,2.157,0.0000,,2.329,0.0000,,2.246,0.0000,,2.056,0.0000,,2.267,0.0000,,2.323,0.0000,,2.418,0.0000,,2.361,0.0000,,2.323,0.0000,,2.385,0.0000,,2.381,0.0000,,2.518,4.6199,,2.515,0.0000,,2.523,390.9067,,2.429,0.0000,,2.483,1.6677,,2.411,3.9300,,2.522,0.0000,,2.612,0.0000,,2.671,1204.8909,,2.718,6.4255,,2.823,0.0000,,2.838,6.3930,,2.840,29.2926,,2.922,0.0000,,3.133,0.0000,,3.370,0.0000,,3.130,11.7056,,3.146,2.5868,,3.455,0.0000,,,,
!,!,T262580230,15SEP2026_LCMS6_MP_001_023.d,Sample,,9/15/2026 3:31 PM,P1-H2,0.447,3.8991,,0.400,0.0000,,,,,0.712,0.0000,,0.910,3.0552,,0.993,0.7072,,,,,1.135,0.0000,,1.329,0.3734,,1.137,0.0000,,1.181,0.0000,,1.202,0.0910,,1.160,0.0000,,1.006,2.5444,,1.188,0.0000,,1.432,0.4311,,1.214,0.0000,,1.244,4.2203,,0.903,0.8493,,1.335,0.0000,,1.443,19.1896,,1.377,0.0000,,1.327,0.0000,,1.486,0.0000,,1.733,0.0000,,1.488,0.3465,,1.438,10.2302,,1.554,0.0000,,1.405,0.0000,,1.546,0.0000,,2.082,0.0000,,1.647,0.0000,,1.706,1.7822,,1.849,0.9789,,1.851,0.0000,,1.720,0.0000,,1.838,0.0000,,1.997,13.0358,,1.769,0.0000,,2.051,0.0000,,2.033,0.0000,,2.170,0.0000,,,,,2.307,0.0535,,2.019,0.0000,,1.803,0.0000,,2.237,0.0000,,2.290,0.0000,,2.362,0.0000,,2.323,0.0000,,2.158,0.0000,,2.378,0.0000,,2.730,0.0000,,2.376,0.0000,,2.269,0.0000,,2.354,4.6765,,2.471,0.0000,,2.523,0.0000,,2.681,0.0000,,2.431,0.0000,,2.393,3.4309,,2.539,0.0000,,2.586,0.0000,,2.671,0.0000,,3.070,6.2835,,2.616,0.0000,,2.604,0.0000,,2.822,28.8033,,,,,2.816,0.0000,,3.370,0.0000,,2.977,0.0000,,3.026,0.0000,,3.439,0.0000,,4.538,35.5176,
!,!,T262580221,15SEP2026_LCMS6_MP_001_024.d,Sample,,9/15/2026 3:39 PM,P1-A3,0.423,1.5136,,0.400,0.0000,,0.564,0.0000,,0.704,0.0000,,0.808,101547.4914,,0.967,15.7885,,1.141,0.0000,,1.135,0.2653,,1.029,3.5233,,1.120,0.0000,,1.275,0.0000,,1.074,0.0000,,1.169,0.0000,,1.006,2.8273,,1.153,0.0000,,1.140,0.5091,,1.120,0.0000,,1.227,4.2479,,1.340,0.8284,,1.164,12.7448,,1.211,19.1822,,1.059,0.0000,,1.301,0.0000,,1.494,0.0000,,1.664,0.0000,,1.497,0.5002,,1.490,10.2375,,1.571,8.5581,,1.621,0.0000,,1.615,0.0000,,1.666,1.5065,,1.647,0.0000,,1.621,1.8877,,1.900,0.9816,,1.911,0.0000,,1.677,0.1816,,1.915,0.0000,,1.945,276.4738,,1.838,0.1351,,2.060,0.0000,,2.085,0.0000,,2.248,0.0000,,2.037,0.0000,,2.168,0.0758,,2.408,0.0000,,2.165,0.0000,,2.237,0.0000,,2.100,0.0000,,2.284,0.0000,,2.332,0.0000,,2.574,0.0000,,2.517,0.5527,,2.375,118.1948,,2.376,0.8968,,2.407,0.0000,,2.328,7.5296,,2.480,0.0000,,2.532,10.2158,,2.386,0.0000,,2.613,0.0000,,2.402,4.7485,,2.522,0.0000,,2.603,0.0000,,2.680,0.0000,,2.692,485.2474,,2.755,0.0000,,2.942,0.0000,,3.020,29.9624,,2.819,0.0000,,2.799,0.0000,,2.747,0.0000,,3.130,0.0000,,2.923,0.0000,,3.346,0.0000,,4.538,0.0312,
!,!,T262580213,15SEP2026_LCMS6_MP_001_025.d,Sample,,9/15/2026 3:46 PM,P1-B3,0.464,1.6280,,0.400,0.0000,,0.572,0.0000,,0.628,0.0000,,0.893,2.2927,,0.984,10.9021,,1.064,0.0000,,1.135,1.0232,,1.046,0.0000,,1.111,0.0000,,1.266,0.0000,,1.065,0.1757,,1.169,0.0000,,1.307,2.2762,,1.256,0.0000,,1.123,0.4765,,1.274,0.0000,,1.235,4.2685,,0.895,1.3621,,1.164,0.0000,,1.228,19.1908,,1.420,0.0000,,1.336,0.0000,,1.486,0.0000,,1.690,0.0000,,1.488,0.3986,,1.646,10.3091,,1.562,0.1792,,1.682,0.0000,,1.598,0.0000,,1.597,1.4237,,1.647,0.0000,,1.612,1.8028,,1.789,0.9824,,1.868,0.0000,,1.729,0.8528,,2.071,0.1217,,1.953,3.3422,,2.045,0.0371,,2.060,0.0000,,2.024,0.0000,,2.205,0.0000,,1.855,0.0000,,1.916,0.0482,,2.045,0.0000,,2.442,0.0000,,2.255,0.0000,,2.142,0.0000,,2.154,0.0000,,2.332,0.0000,,2.522,0.0000,,2.404,0.0000,,2.392,0.0021,,2.385,0.0000,,2.865,0.0000,,2.467,4.7133,,2.480,0.0000,,2.618,0.0000,,2.542,0.0000,,2.752,0.0000,,2.411,4.2925,,2.798,0.0000,,2.603,0.0000,,2.671,0.0000,,2.701,6.5496,,2.738,0.0000,,2.786,0.0000,,2.814,27.4342,,2.836,0.0000,,2.928,0.0000,,3.370,0.0000,,3.173,0.0000,,3.196,0.0000,,3.295,0.0000,,4.329,0.0000,
!,!,T262580207,15SEP2026_LCMS6_MP_001_026.d,Sample,,9/15/2026 3:53 PM,P1-C3,0.423,2.9686,,0.465,907.0643,,0.453,0.0000,,0.611,0.0000,,0.910,1.4467,,0.959,11.8496,,1.020,6.7281,,1.135,2.8484,,1.037,0.0000,,1.103,6433.8004,,1.138,2836.6895,,1.194,0.0000,,1.143,0.0000,,1.006,2.4917,,1.093,5.7479,,1.131,0.2389,,1.257,0.0000,,1.270,9.4260,,0.886,2.2890,,1.369,0.0000,,1.400,19.1835,,1.532,0.0000,,1.301,0.0000,,1.486,0.0000,,1.466,0.0000,,1.661,0.5945,,1.352,10.2241,,1.571,0.0000,,1.586,0.0000,,1.615,0.0000,,1.675,1.9391,,1.655,0.0000,,1.569,2.6685,,1.849,1.0461,,,,,1.685,0.0000,,1.761,0.0000,,1.971,12.7187,,2.374,0.0243,,2.043,0.0000,,2.051,0.0000,,2.266,0.0000,,2.408,0.0000,,2.064,0.0724,,2.088,0.0000,,2.546,0.0000,,2.237,0.0000,,2.394,0.0000,,2.380,0.0000,,2.323,0.0000,,2.098,0.0000,,2.387,0.0000,,2.392,0.0000,,2.367,0.0000,,2.433,0.0000,,2.414,5.2244,,2.480,0.0000,,2.679,0.0000,,2.672,0.0000,,2.613,0.0000,,2.393,2.1017,,2.677,0.0000,,2.595,0.0000,,2.671,0.0000,,2.683,6.2693,,2.694,0.0000,,2.717,0.0000,,3.080,52.2757,,2.913,97.8331,,2.928,0.0000,,3.370,0.0000,,3.215,0.0000,,3.111,0.0000,,3.596,0.0000,,,,
!,!,T262580284,15SEP2026_LCMS6_MP_001_027.d,Sample,,9/15/2026 4:00 PM,P1-D3,0.515,3.0274,,0.400,1.7406,,,,,0.628,0.0000,,0.901,18.9571,,0.993,21.9981,,,,,1.135,2.0815,,1.140,0.0000,,1.385,0.0000,,1.309,0.0000,,1.211,0.2965,,1.169,0.0000,,1.445,3.5943,,1.205,0.0000,,1.140,0.8729,,1.300,0.0000,,1.235,4.2973,,0.895,1.9734,,1.164,0.0000,,1.220,19.1861,,1.610,0.0000,,1.319,0.0000,,1.477,0.0000,,1.656,0.0000,,1.609,0.3842,,1.499,10.2757,,1.562,0.3973,,1.483,0.0000,,1.658,0.0000,,1.640,1.3859,,1.647,0.0000,,1.664,1.8918,,1.866,0.9885,,1.722,0.0000,,1.711,0.0000,,1.769,0.0000,,1.962,1.5766,,1.847,0.0000,,2.051,0.0000,,2.450,0.0000,,2.118,0.0000,,1.950,0.0000,,2.082,0.0713,,2.235,0.0000,,2.364,0.0000,,2.246,0.0000,,2.082,0.0000,,2.136,0.0000,,2.323,0.0462,,2.687,0.0000,,2.378,0.0000,,2.323,0.0301,,2.368,0.0000,,2.018,0.0000,,2.467,4.7296,,2.480,0.0000,,2.514,0.0000,,2.629,0.0000,,2.353,0.0000,,2.402,1.2417,,2.539,0.0000,,2.629,0.0000,,2.680,0.0000,,2.821,6.2601,,2.806,0.0000,,2.933,0.0000,,3.199,32.3666,,2.664,0.0000,,2.885,0.0000,,3.370,0.0000,,2.977,0.0000,,,,,3.355,0.0000,,4.354,0.3235,
!,!,T262580283,15SEP2026_LCMS6_MP_001_028.d,Sample,,9/15/2026 4:07 PM,P1-E3,0.406,4.7203,,0.433,0.0000,,,,,0.721,0.0000,,0.893,0.0000,,,,,0.782,0.0000,,1.135,2.2435,,1.097,0.0000,,1.120,0.0000,,1.172,0.0000,,1.056,0.0000,,1.160,0.0000,,1.006,2.2498,,1.239,0.0000,,1.148,0.3928,,1.240,0.0000,,1.227,4.3343,,1.228,0.8880,,1.155,0.0000,,1.418,19.1758,,1.610,0.0000,,1.301,0.0000,,1.348,0.0000,,1.552,0.0000,,1.644,0.3567,,1.646,10.3271,,1.571,0.0000,,1.612,0.0000,,1.607,0.0000,,1.839,1.9943,,1.647,0.0000,,1.603,2.5382,,1.918,0.9998,,1.748,0.0000,,1.746,0.0000,,2.071,0.0000,,1.953,81.3535,,1.838,0.0000,,2.051,581.4299,,2.042,0.0000,,2.231,0.0000,,2.270,0.0000,,2.255,0.0819,,,,,2.148,0.0000,,2.255,0.0000,,2.117,0.0000,,2.180,0.0000,,2.314,0.0000,,2.201,0.0000,,2.422,0.0000,,2.383,87.1456,,2.376,0.0000,,2.286,0.0000,,2.492,4.6426,,2.480,0.0000,,2.419,0.0000,,2.368,0.0000,,2.509,0.0000,,2.411,0.0186,,2.513,0.0000,,2.612,0.0000,,2.689,0.0000,,2.701,147.4599,,2.763,0.0000,,2.492,0.0000,,3.173,44.1659,,3.263,0.0000,,3.039,0.0000,,2.487,0.0000,,3.088,0.0000,,2.984,0.0000,,3.471,0.0000,,,,
!,!,T262580281,15SEP2026_LCMS6_MP_001_029.d,Sample,,9/15/2026 4:14 PM,P1-F3,,,,0.499,0.0000,,,,,0.917,0.0000,,0.910,51.4056,,1.010,23.2466,,0.909,0.0000,,1.135,16.1767,,1.029,0.0000,,1.120,0.0000,,1.129,0.0000,,1.236,0.3508,,1.169,0.0000,,1.169,242.4409,,1.299,0.0000,,1.174,6.4178,,1.257,0.0000,,0.978,4.8165,,0.912,2.9574,,1.164,0.0000,,1.435,19.2918,,1.265,0.0000,,1.310,0.0000,,1.503,0.0000,,1.414,0.0000,,1.514,0.3938,,1.672,10.6213,,1.571,70.3983,,1.638,0.0755,,1.607,0.9654,,1.658,1.3644,,1.673,0.0000,,1.621,3.2580,,1.927,0.9894,,1.877,0.0000,,1.677,0.0000,,1.829,0.0000,,1.901,8.3966,,2.184,0.1084,,2.069,0.0000,,2.441,0.1263,,,,,2.262,0.0000,,2.064,0.0583,,2.131,0.0000,,2.061,0.0000,,2.255,0.0000,,2.091,0.0000,,2.111,0.0000,,2.297,1.0464,,2.132,0.0000,,2.387,0.0000,,2.383,0.0000,,2.385,0.0000,,2.338,0.0000,,2.458,5.0057,,2.506,0.0000,,3.005,0.0000,,2.568,0.0000,,2.656,0.0000,,2.402,0.4436,,2.522,0.0000,,2.621,0.0000,,2.671,0.0000,,2.718,6.3400,,2.781,0.0000,,2.613,0.0000,,2.952,37.2830,,2.819,0.0000,,3.107,0.0000,,3.370,0.0000,,3.088,0.0000,,3.060,0.0000,,3.372,0.0000,,4.103,3.4009,
!,!,T262580276,15SEP2026_LCMS6_MP_001_030.d,Sample,,9/15/2026 4:22 PM,P1-G3,0.398,0.7989,,0.408,0.0000,,,,,0.619,0.0000,,0.901,17.5852,,0.568,6.3682,,1.012,0.0000,,0.989,170.4113,,1.029,0.0000,,1.197,0.0000,,1.292,0.0000,,1.065,0.0000,,1.169,0.0000,,0.998,2.7736,,1.282,0.0000,,1.157,0.5959,,1.197,0.0000,,1.244,4.2695,,0.895,1.3264,,1.172,0.0000,,1.443,19.2217,,1.411,0.0000,,1.310,0.0000,,1.486,0.0000,,1.639,0.0000,,1.627,0.4136,,1.499,10.3014,,1.571,0.0000,,1.673,0.0000,,1.598,0.0000,,1.640,1.6567,,1.647,0.0000,,,,,1.875,0.9762,,1.739,0.0000,,1.694,0.0000,,2.080,0.0000,,1.953,205.9935,,,,,1.973,0.0000,,2.042,0.0000,,2.170,0.0000,,2.140,0.0000,,,,,2.217,0.0000,,2.087,0.0000,,2.255,0.0000,,2.100,0.0000,,2.042,0.0000,,2.323,0.0000,,2.522,0.0000,,2.352,0.0000,,2.374,169.2199,,2.376,0.0000,,2.476,0.0000,,2.432,4.6698,,2.471,0.0000,,2.644,0.0000,,2.533,0.0000,,2.509,0.0000,,2.402,1.6447,,2.591,0.0000,,2.586,0.0000,,2.663,0.0000,,2.709,6.2902,,3.004,0.0000,,2.769,0.0000,,2.822,32.3623,,2.845,0.0000,,3.056,0.0000,,2.496,0.0000,,3.113,0.0000,,3.077,0.0000,,3.414,0.0000,,4.128,0.4968,
!,!,T262580271,15SEP2026_LCMS6_MP_001_031.d,Sample,,9/15/2026 4:29 PM,P1-H3,0.423,1.2542,,0.465,0.2121,,,,,1.010,56.0652,,0.901,6.5007,,0.712,20.0984,,0.892,0.0000,,0.989,616.6644,,1.089,0.0000,,1.094,0.0000,,1.189,0.0000,,1.065,0.1700,,1.160,0.0000,,1.187,2.7476,,1.136,1.3192,,0.985,0.0000,,1.231,0.0000,,1.201,4.5613,,1.228,1.1664,,1.413,0.0000,,1.185,19.2069,,1.325,0.0000,,1.301,0.0000,,1.563,0.0000,,1.337,0.0000,,,,,1.473,4326.5527,,1.562,0.7567,,2.008,0.3472,,1.572,0.6839,,1.736,1.8424,,1.474,0.0000,,1.732,2.1490,,1.668,1.0743,,1.739,0.7146,,1.729,0.0000,,2.027,2.4083,,1.953,776.4658,,2.002,0.0000,,2.017,0.0000,,2.016,0.0000,,1.850,0.0000,,2.002,0.0000,,2.333,0.1008,,2.452,0.0000,,1.923,0.0000,,2.220,13262.1707,,2.265,0.0000,,1.998,0.0000,,2.314,0.0000,,2.297,0.0000,,2.335,0.0000,,2.366,84.2977,,2.368,0.0000,,2.329,0.0000,,2.310,5.1510,,2.471,0.0000,,2.480,0.0000,,2.525,0.0000,,2.544,0.0000,,2.402,0.0000,,2.556,0.0000,,2.612,0.0000,,2.671,0.0000,,2.718,6.3301,,2.608,6.5496,,2.613,22.1388,,2.874,31.7826,,2.836,0.0000,,3.013,0.0000,,3.370,0.0000,,3.190,0.0000,,3.094,0.0000,,3.363,0.0000,,4.337,0.0000,
!,!,T262580268,15SEP2026_LCMS6_MP_001_032.d,Sample,,9/15/2026 4:36 PM,P1-A4,0.531,1.3278,,0.400,1.3636,,,,,0.738,0.0000,,0.893,13.1663,,0.865,3.0652,,1.132,0.0000,,1.135,5.6439,,1.106,0.0000,,1.231,0.0000,,1.215,0.0000,,1.074,3.6782,,1.160,0.0000,,1.221,2.7487,,1.480,0.0000,,1.148,0.7883,,1.249,0.0000,,1.227,4.5022,,1.228,0.9339,,1.447,0.0000,,1.452,19.2283,,1.239,0.0000,,1.344,0.0000,,1.477,0.0000,,1.423,0.0000,,1.376,0.4234,,1.473,11.4780,,1.571,8.3529,,1.965,0.5558,,1.564,58104.6791,,1.762,4.4172,,1.647,0.0000,,1.749,2.0596,,1.711,0.9868,,1.739,0.0000,,1.746,0.0000,,1.958,0.0000,,1.997,5.6711,,2.045,0.0000,,2.051,0.0000,,1.783,0.0000,,1.997,0.0000,,2.582,0.0000,,2.021,0.0671,,2.019,0.0000,,2.355,0.0000,,2.246,1732.9504,,2.351,0.0000,,2.336,0.0000,,2.314,0.0000,,2.444,0.0000,,2.344,0.0000,,2.331,0.3168,,2.376,0.0000,,2.381,0.0000,,2.345,5.1232,,2.480,0.0000,,2.514,0.0000,,2.542,0.0000,,2.509,0.0000,,2.541,0.0000,,2.634,0.0000,,2.300,0.0000,,2.671,0.0000,,2.640,6.3746,,2.677,0.0000,,2.743,0.0000,,2.977,29.4598,,2.940,0.0000,,2.945,0.0000,,2.496,0.0000,,2.994,0.0000,,2.958,0.0000,,3.546,0.0000,,4.103,0.6828,
!,!,T262580264,15SEP2026_LCMS6_MP_001_033.d,Sample,,9/15/2026 4:43 PM,P1-B4,0.431,0.6410,,0.516,0.0000,,,,,0.619,0.0000,,0.893,26.7560,,0.577,5.5015,,0.926,0.0000,,0.981,761.2682,,1.054,0.0000,,1.103,0.0000,,,,,1.057,0.0000,,1.160,0.0000,,1.333,2.7527,,1.282,0.0000,,1.432,1.3241,,1.274,0.0000,,1.244,4.3056,,1.211,0.8645,,1.352,0.0000,,1.228,19.1770,,1.455,0.0000,,1.319,0.0000,,1.632,0.0000,,1.561,0.0000,,1.488,0.7207,,1.499,10.5133,,1.562,0.7685,,1.656,0.0000,,1.529,0.0000,,1.632,1942.0117,,1.647,0.0000,,1.835,1.8114,,1.875,1.0456,,1.515,0.0000,,1.772,0.0000,,1.778,0.0000,,1.962,1046.2667,,1.855,0.0000,,2.060,0.0000,,2.268,0.0000,,1.997,0.0000,,2.080,0.0000,,2.229,0.1000,,,,,2.208,0.0000,,2.246,0.0000,,2.065,0.0000,,,,,2.323,0.0000,,2.764,0.0000,,2.404,0.0000,,2.374,728.6096,,2.376,0.0000,,2.286,0.0000,,2.518,4.8280,,2.471,0.0000,,2.575,0.0000,,2.672,0.0000,,2.915,0.0000,,2.402,0.7633,,2.496,0.0000,,2.586,0.0000,,2.663,0.0000,,2.553,6.2996,,2.720,0.2641,,2.881,0.0000,,2.952,55.7403,,2.699,0.0000,,2.756,0.0000,,2.496,0.0000,,3.327,0.0000,,3.120,0.0000,,3.091,0.0000,,4.538,2.6296,
!,!,T262580260,15SEP2026_LCMS6_MP_001_034.d,Sample,,9/15/2026 4:50 PM,P1-C4,0.406,6.2540,,,,,0.572,0.0000,,1.027,1.7517,,0.799,323605.4617,,,,,1.218,0.0000,,1.135,5.8881,,1.004,29999.3590,,1.550,0.0000,,1.240,0.0000,,1.082,0.8183,,1.152,0.0000,,1.255,2.3933,,1.282,0.0000,,1.251,0.0000,,1.240,0.0000,,1.261,11.9672,,0.903,1.8569,,1.155,5.7871,,1.349,19.2169,,1.411,0.0000,,1.327,0.0000,,1.615,3.9889,,1.337,0.0000,,1.393,0.4023,,1.637,10.4920,,1.562,0.0000,,1.517,0.0000,,1.520,0.0000,,1.615,16140.9751,,1.638,0.0000,,1.784,1.7908,,1.763,0.9869,,1.808,0.0000,,1.763,0.0000,,1.769,3.2797,,1.988,1.6682,,1.718,0.0000,,2.051,0.0000,,2.077,0.0000,,2.144,0.0000,,2.123,0.0000,,1.995,0.0454,,2.261,0.2320,,2.234,0.0000,,2.211,3284.7507,,2.394,0.0000,,2.076,0.0000,,2.454,0.6929,,2.081,0.0000,,2.361,0.0000,,2.470,1.8637,,2.320,50754.1251,,2.269,0.0000,,2.484,4.7638,,2.480,0.0000,,2.635,0.0459,,2.256,0.1333,,2.509,0.0000,,2.393,1.5624,,2.738,0.0000,,2.559,11150.1577,,2.576,0.0000,,2.692,6.3059,,2.841,0.0000,,2.838,30.8319,,2.848,33.5931,,2.905,0.0000,,,,,3.370,0.0000,,3.130,0.0000,,3.146,0.0000,,3.613,0.0000,,4.538,26.1392,
!,!,T262580263,15SEP2026_LCMS6_MP_001_035.d,Sample,,9/15/2026 4:57 PM,P1-D4,0.431,0.9516,,0.408,0.0000,,,,,1.010,29.1865,,0.850,21.1861,,0.695,4.5716,,1.201,0.0000,,1.135,0.2523,,1.046,0.0000,,1.394,0.0000,,1.172,0.0000,,1.211,0.0000,,1.160,0.0000,,1.006,3.4208,,1.393,0.0000,,1.140,0.6898,,1.257,0.0000,,1.235,6.5627,,1.228,0.8382,,1.301,0.0000,,1.607,19.2229,,1.360,0.0000,,1.310,0.0000,,1.469,0.0000,,1.682,0.0000,,1.463,0.4766,,1.456,10.2456,,1.571,13.6692,,1.638,0.0000,,1.598,0.0000,,1.580,1.9328,,1.638,0.0000,,1.603,3.5047,,1.875,0.9844,,1.765,0.0000,,1.737,0.0000,,2.062,0.0000,,1.971,4.7798,,2.123,0.0000,,2.069,146.3230,,1.809,0.0000,,2.014,0.0000,,1.993,0.0000,,2.091,0.0744,,2.071,0.0000,,2.407,0.0000,,2.264,0.0000,,2.117,0.0000,,2.345,0.0000,,2.358,0.0000,,2.098,0.0000,,2.387,0.0000,,2.409,0.7754,,2.376,1.8893,,2.338,0.0000,,2.336,5.8354,,2.463,0.0000,,2.463,0.0000,,2.672,0.2106,,2.535,0.0000,,2.455,1.7220,,2.522,0.0000,,2.699,0.5685,,2.767,542.7927,,2.623,6.2657,,2.781,0.0000,,2.924,0.0000,,3.037,39.4665,,2.482,0.0000,,2.893,0.0000,,3.370,0.0000,,3.156,0.0000,,2.897,0.0000,,3.329,0.0000,,4.337,0.0000,
!,!,T262580267,15SEP2026_LCMS6_MP_001_036.d,Sample,,9/15/2026 5:04 PM,P1-E4,0.431,101.7797,,0.408,0.0000,,0.555,0.0582,,0.772,2.6688,,0.825,150.2171,,0.967,23.2859,,0.969,0.0000,,1.126,3.5186,,1.029,539.4329,,1.068,4.3484,,1.095,0.0000,,1.065,0.2556,,1.160,3327.5607,,0.998,4.6909,,1.402,0.0000,,1.277,1.3216,,1.231,0.0000,,1.244,4.3042,,0.903,3.3157,,1.155,0.0000,,1.400,19.2384,,1.670,0.0000,,1.310,0.0000,,1.486,0.0000,,1.362,0.0000,,1.497,5209.5433,,1.672,10.8266,,1.562,32853.0925,,1.621,0.4751,,1.710,2.2202,,1.692,3.0952,,1.664,0.0000,,1.681,2.2344,,1.875,0.9930,,1.748,0.0000,,1.685,1.5740,,1.769,0.0000,,2.084,8.8067,,1.967,0.4244,,2.051,0.0000,,2.051,0.0000,,1.971,0.0000,,2.140,0.0000,,2.159,221.0002,,2.192,105.8609,,2.182,0.0000,,2.246,55.7254,,2.325,0.0000,,2.007,0.2381,,2.894,0.0000,,2.098,0.0989,,2.344,0.7635,,2.245,2.0138,,2.359,6412.9071,,2.424,0.0000,,2.631,6.0958,,2.558,0.0000,,2.765,0.0000,,2.663,0.0000,,2.647,0.0000,,2.411,1.4195,,2.747,0.0000,,2.595,515.9315,,2.671,0.0000,,2.804,6.3536,,2.781,1.2256,,2.976,0.0000,,2.529,30.2398,,2.664,0.0000,,,,,3.370,0.0000,,3.173,0.0000,,3.103,0.0000,,3.346,0.0000,,4.538,20.3665,
!,!,T262580269,15SEP2026_LCMS6_MP_001_037.d,Sample,,9/15/2026 5:12 PM,P1-F4,0.574,1.2563,,0.400,0.0000,,0.597,0.0000,,1.018,14.5889,,0.901,28.4337,,,,,1.132,0.0000,,1.126,1.6724,,1.037,0.0000,,1.145,0.0000,,1.275,0.0000,,1.056,1.4270,,1.169,0.0000,,1.229,4.1105,,1.273,0.0000,,1.148,0.7078,,1.257,0.0000,,1.227,4.4331,,1.220,0.8465,,1.164,0.0000,,1.599,19.2408,,1.368,0.0000,,1.310,0.0000,,1.675,0.0000,,1.587,0.0000,,1.497,0.6808,,1.412,10.2331,,1.562,13.0597,,1.630,0.0000,,1.564,6.1326,,1.649,47.3330,,1.655,0.0000,,1.594,1.9592,,1.875,0.9817,,1.877,0.0000,,1.694,0.0000,,1.984,0.0000,,1.980,7.3260,,2.097,0.1671,,2.034,0.0000,,2.423,0.0000,,2.257,0.0000,,,,,2.073,0.1195,,2.200,0.0000,,2.191,0.0000,,2.246,0.0000,,2.273,0.0000,,2.380,0.0000,,2.306,0.0000,,2.357,0.0000,,2.361,0.0000,,2.323,0.1750,,2.376,0.0000,,2.199,0.0000,,2.250,5.0266,,2.670,0.0000,,,,,2.698,0.0000,,2.396,0.0000,,2.393,3.0351,,2.772,0.0000,,2.595,0.0000,,2.663,0.0000,,2.976,6.2891,,2.694,0.0000,,2.898,0.0000,,2.814,30.3500,,2.828,0.0000,,2.902,0.0000,,3.370,0.0000,,3.079,0.0000,,3.060,0.0000,,3.514,0.0000,,,,
!,!,T262580272,15SEP2026_LCMS6_MP_001_038.d,Sample,,9/15/2026 5:19 PM,P1-G4,0.574,2.6195,,0.400,0.0000,,,,,1.010,0.9778,,0.876,0.0000,,,,,1.089,0.0000,,1.126,0.5847,,1.312,0.0000,,1.025,0.0000,,1.163,0.0000,,1.065,0.0000,,1.160,0.0000,,0.998,4.0723,,1.489,0.0000,,1.131,0.5992,,1.223,0.0000,,1.193,4.2415,,1.383,0.8608,,1.164,0.0000,,1.418,19.1781,,1.377,0.0000,,1.310,0.0000,,1.503,0.0000,,1.665,0.0000,,1.488,0.4562,,1.646,10.7582,,1.571,11489.8962,,1.673,0.0000,,1.650,0.0000,,1.649,1.3522,,1.647,0.0000,,1.664,2.6861,,1.875,1.0005,,1.860,0.0000,,1.729,0.0000,,2.071,0.0000,,1.919,1.2011,,2.080,0.0000,,2.034,0.0000,,1.955,0.0000,,2.257,0.0000,,2.141,0.0000,,2.186,0.0447,,2.174,0.0000,,1.880,0.0000,,2.237,0.0000,,2.256,0.0000,,2.276,0.0000,,2.315,0.0000,,2.176,0.0000,,2.370,0.0000,,2.331,0.1172,,2.376,0.0000,,2.416,0.0000,,2.371,4.9895,,2.497,0.0000,,3.005,0.0000,,2.655,0.0000,,2.673,0.0000,,2.393,4.0272,,2.686,0.0000,,2.604,0.0000,,2.680,0.0000,,2.666,6.3367,,2.763,0.0000,,2.501,0.0000,,3.123,30.0083,,2.681,0.0000,,2.531,0.0000,,3.370,0.0000,,3.173,0.0000,,3.060,0.0000,,3.588,0.0000,,4.538,30.7402,
!,!,T262580275,15SEP2026_LCMS6_MP_001_039.d,Sample,,9/15/2026 5:26 PM,P1-H4,,,,0.417,0.0000,,,,,1.010,30.7310,,0.901,42.3218,,0.823,503.1440,,,,,1.135,2.2622,,1.072,0.0000,,0.846,0.0000,,1.172,0.0000,,1.056,1.1766,,1.169,0.0000,,1.367,3.6450,,1.471,0.0000,,1.140,0.3505,,1.249,0.0000,,1.227,4.2337,,1.220,0.9513,,1.387,0.0000,,1.599,19.3313,,1.385,0.0000,,1.310,0.0000,,1.494,0.0000,,1.639,0.0000,,1.488,0.9033,,1.499,10.2922,,1.562,8.7072,,1.526,0.3403,,1.486,0.0000,,1.528,2.4740,,1.647,0.0000,,1.766,3.3367,,1.900,1.1797,,1.757,0.1855,,1.729,0.0000,,2.080,0.3578,,1.876,2.1362,,2.089,0.0000,,2.051,0.0000,,2.441,0.0000,,2.239,0.0000,,2.089,0.0000,,2.159,0.0530,,2.157,0.0000,,2.243,0.0000,,2.246,0.0000,,2.091,0.0000,,2.094,0.0000,,,,,2.081,0.0000,,2.413,0.0000,,2.781,0.0000,,2.334,34978.9825,,2.390,0.0000,,2.484,5.3076,,2.463,0.0000,,2.401,0.0000,,2.663,0.0000,,2.518,0.0000,,2.393,3.3306,,2.331,0.0000,,2.569,8394.0345,,2.680,0.0000,,2.761,6.3523,,2.763,0.0000,,2.778,0.0000,,2.908,30.1547,,2.751,0.0000,,2.730,0.0000,,3.370,0.0000,,3.164,0.0000,,2.950,0.0000,,3.355,0.0000,,4.504,2.1438,
!,!,T262580173,15SEP2026_LCMS6_MP_001_040.d,Sample,,9/15/2026 5:33 PM,P1-A5,0.455,5.1360,,0.474,0.0000,,,,,0.729,0.0000,,0.910,29.0947,,1.044,24.4834,,1.098,0.0000,,1.135,0.0000,,1.063,0.0000,,1.239,0.0000,,1.180,0.0000,,1.057,0.0000,,1.169,0.0000,,1.144,2.2542,,1.351,0.0000,,1.148,0.2869,,1.274,0.0000,,1.244,4.2775,,1.228,0.9191,,1.172,0.0000,,1.418,19.1804,,1.377,0.0000,,1.310,0.0000,,1.486,0.0000,,1.690,0.0000,,1.488,0.3638,,1.508,10.2281,,1.571,9.8775,,1.379,0.0000,,1.624,0.0000,,1.408,1.3720,,1.647,0.0000,,1.912,1.8385,,1.918,1.0083,,1.757,0.0000,,1.746,0.0000,,2.071,0.7014,,1.971,0.5946,,2.149,0.0000,,2.069,0.0000,,2.441,0.0000,,2.231,0.0000,,2.270,0.0000,,2.220,0.0473,,2.148,0.0000,,2.200,0.0000,,2.246,0.0000,,2.073,0.0000,,2.414,0.0000,,2.315,0.0000,,2.297,0.0000,,2.404,0.0000,,2.262,0.0000,,2.368,1895.4344,,2.433,0.0000,,2.319,5.0912,,2.480,0.0000,,2.644,0.0000,,2.508,0.0000,,2.647,0.0000,,2.411,0.4257,,2.513,0.0000,,2.595,951.0106,,2.654,0.0000,,2.770,6.2536,,2.755,0.0000,,2.432,0.0000,,2.667,31.8451,,2.819,0.0000,,3.056,0.0000,,3.370,0.0000,,3.147,0.0000,,3.188,0.0000,,3.555,0.0000,,4.538,333.3568,
!,!,T262580180,15SEP2026_LCMS6_MP_001_041.d,Sample,,9/15/2026 5:40 PM,P1-B5,,,,0.400,0.0000,,,,,0.908,0.0000,,,,,0.976,13.2072,,,,,1.135,4.4579,,1.029,0.0000,,1.120,0.0000,,1.026,0.0000,,1.065,0.0000,,1.496,0.0000,,1.238,2.2523,,1.179,0.0000,,1.140,1.0653,,1.231,0.0000,,1.416,4.1987,,0.903,1.9403,,1.378,0.0000,,1.426,19.1857,,1.515,0.0000,,1.301,0.0000,,1.494,0.0000,,1.509,0.0000,,1.497,6.1212,,1.508,10.2690,,1.588,0.0000,,1.630,0.0000,,1.615,0.3852,,1.683,1.5343,,1.655,0.0000,,1.903,1.8641,,1.866,0.9865,,1.515,0.0000,,1.979,0.0000,,2.080,7.1524,,1.997,0.0000,,1.821,0.0000,,2.112,0.0000,,2.059,0.0000,,2.178,0.0000,,2.063,0.0000,,2.159,0.0473,,2.330,0.0000,,2.278,0.0000,,2.237,17.4491,,2.195,0.0000,,2.267,0.0000,,2.280,0.0000,,2.089,0.0000,,2.517,0.0000,,2.314,3.1336,,2.348,28231.0856,,2.684,0.0000,,2.475,5.0051,,2.480,0.0000,,2.419,0.0000,,2.551,0.0000,,2.379,0.0000,,2.393,0.6881,,2.348,0.0000,,2.603,1689.2113,,2.689,0.0000,,3.096,6.3203,,2.763,0.1827,,2.959,0.0000,,2.891,42.3134,,2.871,0.0000,,,,,3.370,0.0000,,3.019,0.0000,,3.026,0.0000,,3.329,0.0000,,4.538,1594.9233,
!,!,T262580182,15SEP2026_LCMS6_MP_001_042.d,Sample,,9/15/2026 5:47 PM,P1-C5,0.440,5.0968,,0.400,0.0000,,,,,0.917,0.0000,,0.816,52495.3761,,,,,0.952,0.0000,,1.135,1.1748,,1.029,0.0000,,1.137,0.0000,,1.138,0.0000,,1.074,0.0000,,1.169,0.0000,,1.471,2.2394,,1.239,0.0000,,1.432,0.5264,,1.103,0.0000,,1.235,4.2301,,1.340,0.8407,,1.301,0.0000,,1.521,19.2130,,1.437,0.0000,,1.327,0.0000,,1.477,0.0000,,1.449,0.0000,,1.480,45.8824,,1.412,10.2441,,1.562,109.9342,,1.715,0.0000,,1.624,0.0000,,1.623,1.6675,,1.638,0.0000,,1.577,2.1049,,1.883,0.9688,,1.671,0.0000,,1.755,0.0000,,1.778,0.0000,,1.661,0.5799,,1.795,0.0000,,2.043,40.8308,,1.981,0.0000,,2.222,0.0000,,2.192,0.0000,,2.168,5.0659,,2.192,0.3181,,2.624,0.0000,,2.237,0.0000,,2.142,0.0000,,2.241,0.0000,,2.297,0.0000,,2.107,0.0000,,2.396,0.0000,,,,,2.350,10124.5738,,2.329,0.0000,,2.631,4.6791,,2.497,0.0000,,2.445,0.0000,,2.672,0.0000,,2.769,0.0000,,2.402,1.5058,,2.348,0.0000,,2.577,4606.7483,,2.663,0.0000,,2.605,6.2555,,2.849,0.0000,,2.803,0.0000,,2.788,29.2737,,2.793,0.0000,,2.911,0.0000,,2.487,0.0000,,2.994,0.0000,,2.949,0.0000,,3.057,0.0000,,4.563,0.0000,
!,!,T262580187,15SEP2026_LCMS6_MP_001_043.d,Sample,,9/15/2026 5:55 PM,P1-D5,0.423,1.8356,,0.408,0.0686,,,,,0.721,0.0000,,0.893,1.5356,,0.703,1.6659,,0.799,0.0000,,1.135,0.8156,,1.072,0.0000,,1.111,0.0000,,1.172,0.0000,,1.057,0.0000,,1.169,0.0000,,1.006,3.6768,,1.256,0.0000,,1.131,0.5261,,1.257,0.0000,,1.235,4.2815,,0.903,1.6421,,1.164,0.0000,,1.452,19.1769,,1.601,0.0000,,1.319,0.0000,,1.469,0.0000,,1.656,0.0000,,1.367,0.5004,,1.386,10.3376,,1.579,0.7162,,1.604,0.0000,,1.400,0.0000,,1.839,3.0185,,1.655,0.0000,,1.595,2.1201,,1.883,0.9686,,1.584,0.0000,,1.737,0.0000,,2.080,3.9172,,1.953,198.4882,,1.941,0.0000,,2.051,1329.2893,,2.068,0.0000,,2.127,0.0000,,1.933,0.0000,,2.168,0.0642,,2.131,0.0000,,1.846,0.0000,,2.246,0.0000,,2.256,0.0000,,2.276,0.0000,,2.306,0.0000,,2.167,0.0000,,2.335,0.0000,,2.374,245.6267,,2.376,1.3204,,2.502,0.0000,,2.328,4.8764,,2.497,0.0000,,2.488,0.0000,,2.559,0.0000,,2.258,0.0000,,2.402,0.0000,,2.530,0.0000,,2.603,4.1347,,2.671,0.0000,,2.692,522.1772,,2.755,0.0000,,2.864,0.0000,,2.710,28.3413,,3.263,0.0000,,2.962,0.0000,,2.747,0.0000,,3.113,0.0000,,2.966,0.0000,,3.338,0.0000,,4.538,0.7613,
!,!,T262580190,15SEP2026_LCMS6_MP_001_044.d,Sample,,9/15/2026 6:02 PM,P1-E5,0.431,3.0872,,0.400,0.0000,,,,,1.010,0.7509,,0.910,14.0415,,1.018,0.0000,,1.098,0.0000,,1.178,0.0000,,1.089,0.0000,,1.094,0.0000,,1.283,0.0000,,1.074,0.1587,,1.152,0.0000,,1.161,271.1500,,0.948,10.7489,,1.200,2.9640,,1.447,0.0000,,1.253,4.2089,,1.521,0.8420,,0.942,0.0000,,,,,1.385,0.0000,,1.310,0.0000,,1.632,0.0000,,1.225,0.0000,,1.290,0.5221,,1.490,2624.9127,,1.579,0.0000,,1.630,0.0000,,1.555,10.6498,,1.632,2080.8986,,1.491,0.0000,,1.826,2.8277,,1.866,0.9733,,1.739,0.0000,,1.772,0.0000,,1.761,0.0000,,2.032,0.9944,,2.097,0.0000,,2.060,175.2704,,2.311,0.0000,,2.092,0.0000,,2.106,0.0000,,2.099,0.0522,,2.010,0.0000,,2.113,0.0000,,2.246,1055.8428,,2.221,0.0000,,2.232,0.0000,,2.332,0.0000,,2.323,0.0000,,2.448,0.0000,,2.349,0.0000,,2.385,0.0000,,2.442,0.0000,,2.250,4.6347,,2.514,0.0000,,2.471,0.0000,,2.672,0.0000,,2.726,0.0000,,2.411,0.5219,,2.695,0.0000,,2.621,0.0000,,2.698,0.0000,,2.709,6.6665,,2.772,0.0000,,2.872,0.0000,,2.952,27.8719,,2.888,0.0000,,2.954,0.0000,,2.764,0.0000,,3.113,0.0000,,3.171,0.0000,,3.202,0.0000,,,,
!,!,T262580194,15SEP2026_LCMS6_MP_001_045.d,Sample,,9/15/2026 6:09 PM,P1-F5,0.565,14.1810,,0.408,0.4868,,,,,0.900,0.0000,,0.893,0.0000,,0.899,2.7338,,1.012,0.0000,,1.135,3.9851,,1.046,0.0000,,1.120,0.0000,,1.026,0.0000,,1.065,2.8505,,1.177,0.0000,,1.015,2.2862,,1.007,0.0000,,1.148,0.3870,,1.274,0.0000,,1.261,4.3173,,1.306,0.8284,,1.292,0.0000,,1.409,19.1850,,1.394,0.0000,,1.319,0.0000,,1.494,0.0000,,1.561,0.0000,,1.497,0.4156,,1.516,10.3355,,1.571,0.0000,,1.664,0.0000,,1.866,0.0000,,1.580,1.2973,,1.647,0.0000,,1.929,3.7567,,2.092,0.9684,,1.920,0.0000,,1.737,0.7528,,2.080,11.5472,,2.102,1.1314,,1.950,0.0000,,2.060,0.0000,,2.441,0.0000,,2.335,0.0000,,2.072,0.0000,,2.091,0.1043,,2.131,0.0000,,2.105,0.0000,,2.246,0.0000,,2.160,0.0000,,2.328,0.0000,,2.332,0.0000,,2.383,0.0000,,2.318,0.0000,,2.513,0.0000,,2.376,0.0000,,2.225,0.0000,,2.363,4.7357,,2.489,0.0000,,2.670,0.0000,,2.672,0.0860,,2.604,0.0000,,2.393,0.9918,,2.548,0.0000,,2.603,0.0000,,2.698,0.0000,,2.718,6.3446,,2.755,0.0000,,2.959,0.0000,,2.615,29.3543,,2.888,0.0000,,2.902,0.0000,,3.370,0.0000,,3.198,0.0000,,2.846,0.0000,,3.372,0.0000,,4.713,0.0000,
!,!,T262580197,15SEP2026_LCMS6_MP_001_046.d,Sample,,9/15/2026 6:16 PM,P1-G5,,,,0.482,3.9058,,,,,0.746,0.0000,,0.910,44.1994,,0.865,2.3608,,1.003,0.0000,,1.006,2186.4411,,1.123,0.0000,,1.248,5.9556,,1.172,0.0000,,0.886,2.9602,,1.212,0.0000,,1.024,6.5020,,1.463,0.0000,,1.003,0.0000,,1.257,0.0000,,1.235,4.6085,,0.903,3.5900,,1.215,0.0000,,1.599,19.5322,,1.317,0.0000,,1.284,0.0000,,1.469,0.0000,,1.587,0.0000,,1.196,0.4840,,1.499,10.3021,,1.562,0.0000,,1.440,0.0896,,1.684,1.7955,,1.528,2.2209,,1.647,0.0000,,1.895,2.0912,,1.737,0.9943,,1.748,0.0939,,1.642,0.0000,,2.080,0.0000,,1.953,1355.5171,,1.907,0.0011,,2.077,0.0000,,2.068,0.0000,,2.075,0.0000,,2.063,0.0000,,,,,2.261,0.0000,,2.329,0.0000,,2.264,0.0000,,2.247,0.0000,,2.068,0.0000,,2.349,0.0000,,2.366,0.0000,,2.352,0.0000,,2.374,676.3798,,2.376,0.0000,,2.355,0.0000,,2.639,8.2128,,2.480,0.0000,,2.592,0.0000,,2.551,0.0000,,2.604,0.0000,,2.402,1.6824,,2.513,0.0000,,2.603,0.0000,,2.671,0.0000,,2.701,6.2646,,,,,2.846,0.0000,,2.874,30.7445,,2.862,0.0000,,3.022,0.0000,,3.370,0.0000,,2.994,0.0000,,3.069,0.0000,,3.355,0.0000,,4.362,0.0000,
!,!,T262580199,15SEP2026_LCMS6_MP_001_047.d,Sample,,9/15/2026 6:23 PM,P1-H5,0.406,1.5390,,0.417,0.0000,,,,,1.010,0.0000,,0.884,16.5357,,0.976,4.6572,,1.055,0.0000,,0.998,0.0000,,1.106,0.0000,,1.481,0.0000,,1.292,0.0000,,1.065,0.5058,,1.169,0.0000,,0.998,3.0727,,1.428,0.0000,,1.131,1.2599,,1.240,0.0000,,1.459,4.7363,,1.237,0.9094,,1.292,0.0000,,1.469,19.2343,,1.360,0.0000,,1.327,0.0000,,1.486,0.0000,,1.664,0.0000,,1.488,0.4486,,1.646,10.2849,,1.571,0.0000,,1.689,0.0000,,1.633,0.0000,,1.736,1.5267,,1.647,0.0000,,1.749,2.1010,,1.702,0.9983,,1.748,0.0124,,1.729,0.0000,,2.080,0.0000,,1.953,162.7179,,2.166,0.0000,,2.051,0.0000,,2.059,0.0000,,1.936,0.0000,,1.847,0.0000,,2.099,0.0559,,2.668,0.0000,,,,,2.246,0.0000,,2.168,0.0000,,2.328,0.0000,,2.314,0.0000,,2.392,0.0000,,2.327,0.0000,,2.374,607.6023,,2.376,0.0000,,2.320,0.0000,,2.527,5.1856,,2.497,0.0000,,2.523,0.0000,,2.663,0.0000,,2.786,0.0000,,2.402,0.7072,,2.712,0.0000,,2.595,0.0000,,2.671,0.0000,,2.718,6.2989,,2.374,0.0000,,2.604,0.0000,,2.728,29.6310,,2.785,0.0000,,2.756,0.0000,,3.370,0.0000,,2.977,0.0000,,3.086,0.0000,,3.355,0.0000,,,,
!,!,T262580204,15SEP2026_LCMS6_MP_001_048.d,Sample,,9/15/2026 6:30 PM,P1-A6,0.406,1.1951,,,,,0.564,0.0000,,,,,0.808,202289.6310,,0.585,14.6675,,1.183,0.0000,,0.989,255.6489,,1.046,0.0000,,1.265,0.0000,,1.034,0.0000,,1.134,0.0426,,1.160,0.0000,,1.324,3.1526,,1.273,0.0000,,0.977,5.9630,,1.308,0.0000,,1.261,17.6611,,0.912,1.8991,,1.155,0.0000,,1.357,19.1744,,1.420,0.0000,,1.319,0.0000,,1.589,3.1603,,1.544,0.0000,,1.609,0.3620,,1.611,10.4657,,1.623,0.0000,,1.604,0.0000,,1.564,0.0000,,1.589,9835.6959,,1.612,0.0000,,1.379,2.0409,,2.118,0.9747,,1.989,0.0000,,1.772,0.0000,,1.795,2.7153,,1.971,769.2198,,2.123,0.0000,,2.060,1732.0435,,2.103,0.0000,,1.729,0.0000,,2.339,0.0000,,2.108,0.0728,,2.270,0.0000,,2.174,0.0000,,2.264,0.0000,,2.481,0.0000,,2.475,0.0000,,2.332,0.0000,,2.297,0.0000,,2.378,0.0000,,2.383,194.1751,,2.376,0.0000,,2.372,0.0000,,2.432,4.6013,,2.497,0.0000,,2.454,0.0000,,2.576,0.0000,,2.647,0.0000,,2.402,0.6002,,2.513,0.0000,,2.603,0.0000,,2.689,0.0000,,2.570,6.4794,,2.875,0.0000,,2.786,0.0000,,2.943,30.3599,,3.145,0.0000,,2.833,0.0000,,3.370,0.0000,,3.198,0.0000,,3.247,0.0000,,3.355,0.0000,,4.354,0.0000,
!,!,T262580209,15SEP2026_LCMS6_MP_001_049.d,Sample,,9/15/2026 6:38 PM,P1-B6,0.423,0.6351,,0.408,1.6404,,,,,1.018,4.8813,,0.893,3.3318,,0.857,6.1625,,1.003,0.0000,,1.135,5.2422,,1.037,0.0000,,1.265,0.0000,,1.172,0.0000,,1.211,0.0000,,1.169,0.0000,,1.006,4.6390,,1.419,0.0000,,1.140,0.7415,,1.274,0.0000,,1.235,4.3336,,0.895,1.3613,,1.318,0.0000,,1.443,19.2052,,1.385,0.0000,,1.301,0.0000,,1.460,0.0000,,1.639,0.0000,,1.359,0.5038,,1.421,10.2637,,1.571,0.0000,,1.414,0.0000,,1.607,0.0000,,1.597,1.9629,,1.638,0.0000,,1.595,2.1891,,1.866,1.0422,,1.834,0.0936,,1.737,0.0000,,1.795,0.0000,,1.945,1.9304,,1.881,0.0000,,2.060,582.4097,,2.458,0.0000,,2.369,0.0000,,2.132,0.0000,,2.091,0.0945,,2.079,0.0000,,2.433,0.0000,,2.237,0.0000,,1.986,0.0000,,1.981,0.0000,,2.323,0.0000,,2.107,0.0000,,2.361,0.0000,,2.400,0.0844,,2.376,0.0000,,2.571,0.0000,,2.397,4.6898,,2.463,0.0000,,2.618,0.0000,,2.559,0.0000,,2.396,0.0000,,2.402,1.1613,,2.496,0.0000,,2.603,0.0000,,2.680,0.0000,,2.692,2080.0994,,2.573,0.0000,,2.959,0.0000,,3.011,36.3589,,2.620,0.0000,,2.954,0.0000,,3.370,0.0000,,3.113,0.0000,,3.111,0.0000,,3.505,0.0000,,4.538,0.1401,
!,!,T262580214,15SEP2026_LCMS6_MP_001_050.d,Sample,,9/15/2026 6:45 PM,P1-C6,0.406,2.9107,,,,,,,,0.695,0.0000,,0.816,112668.2140,,0.959,0.0000,,1.081,0.0000,,0.989,6.4145,,1.312,1.2173,,1.248,7.7736,,1.317,0.0000,,1.202,0.6739,,1.169,0.0000,,1.238,2.2489,,1.032,0.3837,,1.440,1.4313,,,,,1.235,5.7398,,0.903,1.9190,,1.155,0.0000,,1.332,19.1821,,1.420,0.0000,,1.301,0.0000,,1.503,0.0000,,1.362,0.0000,,1.497,0.5301,,1.508,10.3422,,1.571,0.0000,,1.793,0.0000,,1.572,0.0000,,1.848,1.4823,,1.647,0.0000,,1.586,9.1226,,1.875,1.0029,,1.722,0.2203,,1.729,0.0000,,2.036,3.6602,,1.953,936.5001,,2.382,0.0448,,2.051,0.0000,,2.033,0.0000,,2.205,0.0000,,1.830,0.0000,,2.108,0.0703,,2.278,0.0000,,1.905,0.0000,,2.246,123.3578,,1.951,0.0000,,2.510,0.0000,,2.289,9581.2632,,2.824,0.5124,,2.387,0.0000,,2.375,918.6510,,2.376,0.0000,,2.546,0.0000,,2.336,5.3921,,2.489,0.0000,,2.445,0.0000,,2.395,0.0000,,2.647,0.0000,,2.402,0.4145,,2.591,0.0000,,2.595,0.0000,,2.689,0.0000,,2.701,6.9014,,2.772,0.0000,,2.838,15.1420,,,,,2.836,0.0000,,3.116,0.0000,,3.370,0.0000,,2.994,0.0000,,3.146,0.0000,,3.422,0.0000,,4.538,1.1161,
!,!,T262580216,15SEP2026_LCMS6_MP_001_051.d,Sample,,9/15/2026 6:52 PM,P1-D6,,,,0.408,1.4502,,,,,1.018,9.2379,,0.901,49.3517,,0.568,6.1556,,1.192,0.0000,,1.135,6.3778,,1.037,0.0000,,,,,1.172,0.0000,,1.194,0.0000,,1.169,0.0000,,1.015,2.7071,,1.145,0.0000,,1.131,0.7968,,1.249,0.0000,,1.364,4.2785,,0.903,2.0400,,1.172,0.0000,,1.409,19.2104,,1.593,0.0000,,1.318,0.0000,,,,,1.509,0.0000,,1.506,0.4257,,1.507,10.3088,,1.571,6.8620,,,,,1.564,0.6651,,1.848,1.9706,,1.655,0.0000,,1.946,2.3868,,1.737,0.9945,,2.405,0.0000,,1.883,0.0000,,1.881,0.0000,,1.971,2.0456,,1.924,0.0000,,2.069,0.0000,,2.450,0.0000,,1.936,0.0000,,2.106,0.0000,,2.099,0.0909,,2.417,0.0000,,2.191,0.0000,,2.255,0.0000,,2.221,0.0000,,2.076,0.0000,,2.297,0.3775,,2.496,0.0000,,2.387,0.0000,,2.323,0.7837,,2.385,0.0000,,2.372,1.8955,,2.622,5.9609,,2.445,0.0000,,2.523,0.0795,,2.681,0.0000,,2.492,0.0000,,2.411,2.4457,,2.409,0.0000,,2.603,0.0000,,2.706,0.0000,,2.718,6.3259,,2.755,0.0021,,2.786,0.0000,,2.822,36.6616,,2.940,0.0000,,2.945,0.0000,,3.370,0.0118,,3.198,0.0000,,2.975,0.0000,,3.372,0.0000,,,,
!,!,T262580218,15SEP2026_LCMS6_MP_001_052.d,Sample,,9/15/2026 6:59 PM,P1-E6,0.415,0.5841,,0.490,0.0000,,,,,0.729,0.0000,,0.816,15534.4027,,0.729,13.0821,,1.098,0.0000,,0.972,0.0000,,1.140,0.0000,,1.231,0.0000,,1.447,0.0000,,0.877,7.7293,,1.160,0.0000,,1.032,2.5285,,1.428,0.0000,,1.148,0.4513,,1.231,0.0000,,1.047,4.3003,,1.220,1.0426,,0.908,0.0000,,1.590,19.4415,,1.351,0.0000,,1.508,0.0000,,1.469,0.0000,,1.630,0.0000,,1.497,0.3804,,1.395,10.2325,,1.571,0.0000,,1.414,0.0576,,1.607,0.0000,,1.528,2.2277,,1.638,0.0000,,1.715,1.8696,,1.685,0.9896,,1.731,0.0000,,1.729,0.0000,,1.889,0.0000,,1.988,0.6440,,2.011,0.0000,,2.060,0.0000,,2.059,0.0000,,2.266,0.0000,,2.218,0.0000,,2.186,0.0606,,2.174,0.0000,,2.139,0.0000,,2.237,0.0000,,2.100,0.0000,,2.354,0.0000,,2.306,589.8711,,2.115,0.0000,,2.344,0.0000,,,,,2.376,0.0000,,2.615,0.0000,,2.363,4.6292,,2.480,0.0000,,2.575,0.0000,,2.551,0.0000,,2.483,0.0000,,2.402,2.0430,,2.634,0.0000,,2.595,0.0000,,2.671,0.0000,,2.718,6.4826,,2.547,0.2114,,2.942,0.0000,,2.728,28.5190,,2.759,0.0000,,2.937,0.0000,,3.370,0.0000,,2.977,0.0000,,2.975,0.0000,,3.380,0.0000,,,,
!,!,T262580222,15SEP2026_LCMS6_MP_001_053.d,Sample,,9/15/2026 7:06 PM,P1-F6,0.415,7.7443,,0.408,2.4285,,,,,1.018,62.0452,,0.808,155776.7587,,0.959,5.3246,,1.098,0.0000,,1.135,19.9134,,0.986,0.0000,,1.180,0.0000,,1.404,9.1243,,1.219,0.9120,,1.160,0.0000,,0.998,2.2581,,1.549,0.0000,,1.148,0.7661,,1.223,0.0000,,1.408,4.2379,,1.228,1.0354,,1.164,0.0000,,1.599,19.4866,,1.368,0.0000,,1.310,0.0000,,1.425,0.0000,,1.613,0.0000,,1.367,0.3606,,1.646,17.2684,,1.657,0.0000,,1.405,0.3777,,1.452,0.0000,,,,,1.647,0.8588,,1.672,10.4937,,1.798,1.0012,,1.748,0.2323,,1.729,0.0000,,2.071,1.8912,,2.119,1.2693,,1.933,0.0299,,1.818,0.0000,,2.441,0.0000,,2.257,0.0000,,2.530,0.0000,,2.082,0.0701,,2.226,0.0000,,2.156,0.0000,,2.237,0.0000,,2.524,0.0000,,2.085,0.0000,,2.297,0.0000,,2.392,0.1268,,2.413,0.0000,,2.807,0.7840,,2.385,0.0000,,2.511,53.9489,,2.536,4.7118,,2.514,0.0000,,2.644,0.0000,,2.559,0.0000,,2.327,0.0000,,2.411,2.4749,,2.548,0.0000,,2.595,0.0000,,2.671,0.0000,,2.588,6.3177,,2.815,0.0000,,2.821,0.0000,,2.960,94.8322,,2.879,0.0000,,2.730,0.0000,,3.370,0.0000,,3.071,0.0000,,3.315,0.0000,,3.346,0.0000,,,,
!,!,T262580225,15SEP2026_LCMS6_MP_001_054.d,Sample,,9/15/2026 7:13 PM,P1-G6,0.423,1.4761,,,,,,,,0.729,0.0000,,0.910,0.0000,,0.967,0.0000,,,,,1.178,0.5931,,1.097,0.0000,,1.282,0.0000,,1.000,0.0000,,1.228,0.0000,,1.135,0.0000,,1.161,3832.7110,,0.982,0.0000,,1.182,5.3419,,1.000,0.0000,,1.278,0.0000,,0.895,1.8295,,0.976,0.0000,,1.383,19.2056,,1.394,0.0000,,1.327,0.0000,,1.469,0.0000,,1.656,0.0000,,1.463,0.3889,,1.490,1648.0786,,1.571,0.0000,,1.388,0.0000,,1.581,0.0000,,1.606,1.6221,,1.491,0.0000,,1.741,2.3251,,1.935,1.0038,,1.748,0.0000,,1.746,0.0000,,2.062,0.4701,,2.058,1.7501,,2.045,0.0000,,2.051,137.9219,,2.163,0.0000,,2.335,0.0000,,2.063,0.0000,,2.168,0.0705,,2.010,0.0000,,2.053,0.0000,,2.229,5101.6183,,2.481,0.0000,,2.458,0.0000,,2.314,0.2603,,2.297,0.0000,,2.318,0.0000,,2.331,0.0000,,2.376,0.0000,,2.606,0.0000,,2.587,4.8329,,2.480,0.0000,,2.514,0.6455,,2.663,0.0000,,2.466,0.0000,,2.402,0.7355,,2.643,0.0000,,2.595,0.0000,,2.671,0.0000,,2.727,6.2671,,2.738,0.0000,,2.752,0.0000,,3.080,33.1870,,2.957,0.0000,,2.937,0.0000,,3.370,0.0000,,3.164,0.0000,,3.069,0.0000,,3.372,0.0000,,,,
!,!,T262580228,15SEP2026_LCMS6_MP_001_055.d,Sample,,9/15/2026 7:20 PM,P1-H6,0.440,1.3392,,0.465,0.0000,,0.555,0.0000,,1.010,5.7116,,0.901,1.4860,,0.925,0.0000,,0.995,0.0000,,1.135,0.0000,,1.097,0.0000,,,,,1.257,0.0000,,1.202,0.0000,,1.169,0.0000,,1.178,5.2473,,1.170,0.0000,,1.131,0.3568,,1.394,0.0000,,1.356,4.3228,,1.228,0.8780,,1.155,0.0000,,1.435,19.1974,,1.403,0.0000,,1.327,0.0000,,1.486,0.0000,,1.526,0.0000,,1.506,0.3462,,1.490,11.3571,,1.562,0.0000,,1.543,0.1640,,1.477,0.0000,,1.649,1.5131,,1.638,0.0000,,1.921,1.7411,,1.909,1.0646,,1.757,0.0000,,1.755,0.0000,,2.071,0.0000,,1.997,0.8151,,1.933,0.0000,,2.043,0.0000,,2.059,0.0000,,2.135,0.0000,,2.365,0.0000,,2.064,0.0466,,2.235,0.0000,,2.364,0.0000,,2.237,1.4060,,2.238,0.0000,,2.145,0.0000,,2.315,0.0000,,2.366,0.0000,,2.370,0.0000,,2.323,0.0000,,2.376,0.0000,,2.338,0.0000,,2.415,4.8073,,2.454,0.0000,,2.514,514.8740,,2.655,0.0000,,2.475,0.0000,,2.393,3.8085,,2.513,0.0000,,2.603,0.0000,,2.663,0.0000,,2.718,6.3468,,2.634,0.0000,,2.596,0.0000,,2.580,28.6198,,3.076,0.0000,,2.928,0.0000,,3.370,0.0000,,3.036,0.0000,,2.967,0.0000,,3.406,0.0000,,4.788,0.0000,
!,!,T262580232,15SEP2026_LCMS6_MP_001_056.d,Sample,,9/15/2026 7:28 PM,P1-A7,0.415,0.7730,,,,,,,,0.619,0.0000,,0.910,0.0000,,0.568,3.0802,,0.960,0.0000,,1.135,0.0000,,1.037,0.0000,,1.274,0.0000,,1.034,0.0000,,1.074,0.5152,,1.178,0.0000,,1.367,3.1489,,1.007,0.0000,,1.148,0.7874,,1.240,0.0000,,1.235,0.0000,,0.903,1.5943,,1.172,0.0000,,1.013,19.3545,,1.420,0.0000,,1.327,0.0000,,1.486,0.0000,,1.259,0.0000,,1.471,0.3505,,1.516,10.2602,,1.571,0.0000,,1.543,0.0000,,1.452,0.0000,,1.649,1.7686,,1.647,0.0000,,1.612,2.0741,,1.849,1.0678,,1.739,0.0000,,1.737,0.0000,,2.062,1.0680,,1.953,69.1622,,2.002,0.0000,,2.043,0.0000,,2.441,0.0000,,2.187,0.0000,,2.262,0.0000,,2.073,0.0508,,2.823,0.0000,,2.252,0.0000,,2.246,0.0000,,2.386,0.0000,,2.259,0.0000,,2.306,0.0000,,2.150,0.0000,,2.378,0.0000,,2.375,125.3477,,2.368,0.0000,,2.320,0.0000,,2.310,5.0880,,2.463,0.0000,,2.523,5.4139,,2.559,0.0000,,2.483,0.0000,,2.393,1.1213,,2.522,0.0000,,2.595,0.0000,,2.706,0.0000,,2.692,213.5083,,2.746,0.0000,,2.613,0.0000,,2.848,27.6711,,2.854,0.0000,,3.099,0.0000,,3.370,0.0000,,2.985,0.0000,,3.060,0.0000,,3.597,0.0000,,4.529,0.0000,
!,!,T262580235,15SEP2026_LCMS6_MP_001_057.d,Sample,,9/15/2026 7:35 PM,P1-B7,0.423,3.9333,,0.457,0.0000,,,,,1.010,4.5732,,0.901,26.6654,,0.882,0.0000,,0.799,0.0000,,1.135,0.0000,,1.089,0.0000,,1.231,0.0000,,1.172,0.0000,,1.202,0.0000,,1.152,0.0000,,1.290,2.4701,,1.411,0.0000,,1.165,0.4081,,1.240,0.0000,,1.227,4.3030,,1.228,1.0062,,1.155,0.0000,,1.599,19.3320,,1.653,0.0000,,1.310,0.0000,,1.469,0.0000,,1.328,0.0000,,,,,1.499,10.3198,,1.562,0.0000,,1.586,0.0000,,1.417,0.0000,,1.554,1.4698,,1.647,0.0000,,1.560,1.7544,,1.685,0.9747,,1.602,0.0000,,1.763,0.0000,,1.778,0.0000,,,,,1.812,0.0000,,2.051,0.1606,,2.294,0.0000,,2.049,0.0000,,1.967,0.0000,,2.082,0.0614,,2.443,0.0000,,2.303,0.0000,,2.246,0.0000,,2.100,0.0000,,2.102,0.0000,,2.314,0.0000,,2.591,0.0000,,2.361,0.0000,,2.288,0.0000,,2.367,0.0000,,2.346,0.0000,,2.371,4.7608,,2.489,0.0000,,2.549,0.0000,,2.542,0.0000,,2.708,0.0000,,2.402,0.6993,,2.591,0.0000,,2.603,0.0000,,2.663,0.0000,,2.701,6.3241,,2.781,0.0000,,2.881,0.0000,,3.165,34.1337,,2.931,0.0000,,,,,3.370,0.0000,,2.994,0.0000,,3.077,0.0000,,3.372,0.0000,,,,
!,!,T262580238,15SEP2026_LCMS6_MP_001_058.d,Sample,,9/15/2026 7:42 PM,P1-C7,0.415,5.3969,,,,,,,,0.619,0.0000,,0.901,0.0000,,0.577,15.1823,,1.183,0.0000,,0.989,690.4365,,1.157,0.0000,,1.274,0.0000,,1.283,0.0000,,1.177,0.3787,,1.169,0.0000,,1.187,2.6473,,1.282,0.0000,,0.986,0.0000,,1.163,0.0000,,1.261,9.2910,,1.504,0.8515,,1.172,0.0000,,1.237,19.1779,,1.368,0.0000,,1.336,0.0000,,1.615,0.1728,,1.621,0.0000,,,,,1.386,10.2537,,1.562,1.6945,,1.604,0.0000,,1.546,11.8757,,1.615,14006.9703,,1.630,0.0000,,1.835,1.7558,,,,,1.851,0.0000,,1.832,0.0000,,1.838,0.0000,,1.962,400.2404,,2.063,0.0000,,2.051,73.1867,,2.441,0.0000,,2.248,0.0000,,2.037,0.0000,,2.247,0.0505,,2.088,0.0000,,,,,2.255,0.0000,,2.360,0.0000,,2.250,0.0000,,2.306,0.0000,,2.695,0.0000,,2.309,0.0000,,2.375,315.2006,,2.376,0.0000,,2.477,0.0000,,2.319,4.7354,,2.454,0.0000,,2.514,35.4244,,2.559,0.0000,,2.492,0.0000,,2.393,2.1466,,2.513,0.0000,,2.577,0.0000,,2.663,0.0000,,2.709,6.2985,,2.755,0.0000,,2.804,0.0000,,3.191,32.3925,,2.802,0.0000,,2.687,0.0000,,2.478,0.0000,,3.164,0.0000,,2.682,0.0000,,3.321,0.0000,,4.529,338.8627,
!,!,T262580241,15SEP2026_LCMS6_MP_001_059.d,Sample,,9/15/2026 7:49 PM,P1-D7,0.423,1.8495,,0.474,0.0000,,0.453,0.0000,,0.729,0.0000,,0.901,1.5638,,0.712,25.0974,,0.961,0.0000,,0.981,696.6666,,1.063,0.0000,,1.188,0.0000,,1.257,0.0000,,1.065,0.0000,,1.160,0.0000,,1.187,2.4248,,1.282,0.0000,,0.985,0.0000,,1.231,0.0000,,1.227,4.3320,,0.895,2.3130,,1.430,0.0000,,1.237,19.1908,,1.662,0.0000,,1.301,0.0000,,1.486,0.0000,,1.664,0.0000,,1.523,0.3528,,1.516,10.2244,,1.571,0.4652,,1.448,0.0433,,1.581,0.0000,,1.640,2.5844,,1.647,0.0000,,1.689,1.8826,,1.728,0.9961,,1.748,0.0000,,1.961,0.0000,,2.071,0.0000,,1.953,541.5167,,1.872,0.0000,,2.051,0.0000,,2.042,0.0000,,2.248,0.0000,,1.967,0.0000,,2.099,0.0645,,2.287,0.0000,,2.338,0.0000,,2.255,0.0000,,2.499,0.0000,,2.510,0.0000,,2.315,0.0000,,2.158,0.0000,,2.396,0.0000,,2.375,185.0989,,2.368,0.0000,,2.390,0.0000,,2.267,4.7810,,2.480,0.0000,,2.532,0.0000,,2.672,0.0000,,2.379,0.0000,,2.402,2.6374,,2.496,0.0000,,2.595,0.0000,,2.689,0.0000,,2.727,6.2786,,2.738,0.0000,,2.950,0.0000,,2.719,30.1489,,2.948,0.0000,,2.946,0.0000,,3.370,0.0000,,3.352,0.0000,,3.137,0.0000,,3.355,0.0000,,4.346,0.0000,
!,!,T262580243,15SEP2026_LCMS6_MP_001_060.d,Sample,,9/15/2026 7:56 PM,P1-E7,0.540,5.9147,,0.408,0.0000,,,,,0.704,0.0000,,0.901,0.0000,,0.891,0.8874,,1.149,0.0000,,1.135,0.3442,,1.029,0.0000,,1.137,0.0000,,1.283,0.0000,,1.074,0.0000,,1.169,0.0000,,1.006,3.1732,,0.837,0.0000,,1.140,0.5906,,1.274,0.0000,,1.235,4.3017,,0.895,1.3954,,1.164,0.0000,,1.435,19.1857,,1.428,0.0000,,1.301,0.0000,,1.477,0.0000,,1.440,0.0000,,1.463,0.4600,,1.490,10.4263,,1.588,0.0000,,1.431,0.0000,,1.650,0.0000,,1.640,1.6182,,1.647,0.0000,,1.895,2.6524,,1.927,1.0355,,1.868,0.0000,,1.703,1.5550,,2.071,0.4147,,1.936,0.9329,,2.019,0.0000,,2.051,0.0000,,1.852,0.0000,,2.196,0.0000,,2.175,0.0000,,2.064,0.0641,,2.512,0.0000,,2.477,0.0000,,2.229,0.0000,,2.265,0.0000,,2.267,0.0000,,2.315,0.0000,,2.150,0.0000,,2.370,0.0000,,2.643,0.0000,,2.368,0.0000,,2.477,0.0000,,2.406,4.5884,,2.471,0.0000,,2.514,0.0000,,2.663,0.0000,,2.483,0.0000,,2.393,1.3164,,2.530,0.0000,,2.603,0.0000,,2.663,0.0000,,2.744,6.2575,,2.556,0.0000,,2.959,0.0000,,2.874,31.4545,,2.793,0.0000,,2.946,0.0000,,2.470,0.0000,,3.190,0.0000,,3.094,0.0000,,3.597,0.0000,,4.354,0.0000,
!,!,T262580247,15SEP2026_LCMS6_MP_001_061.d,Sample,,9/15/2026 8:03 PM,P1-F7,0.406,0.6554,,0.408,0.0000,,,,,0.729,0.0000,,0.901,11.9529,,0.993,1.4782,,1.218,0.0000,,1.135,0.1682,,1.089,0.0000,,1.120,0.0000,,1.223,0.0000,,1.202,0.0000,,1.177,0.0000,,0.998,2.6309,,1.299,0.0000,,1.131,0.9603,,1.257,0.0000,,1.235,4.2999,,0.903,1.4497,,1.413,0.0000,,1.461,19.1976,,1.351,0.0000,,1.310,0.0000,,1.469,0.0000,,1.276,0.0000,,1.471,0.3914,,1.499,11.0390,,1.562,0.0000,,1.673,0.0000,,1.486,0.0000,,1.649,1.7163,,1.647,0.0000,,1.664,2.0541,,1.900,0.9992,,1.757,0.0000,,1.737,0.0000,,2.097,0.0000,,1.901,0.8837,,2.158,0.0000,,2.051,12.7032,,2.441,0.0000,,1.953,0.0000,,1.873,0.0000,,2.091,0.0523,,2.114,0.0000,,2.122,0.0000,,2.246,0.0000,,2.100,0.0000,,2.188,0.0000,,2.323,0.0000,,2.098,0.0000,,2.517,0.0000,,2.366,0.0000,,2.385,0.0000,,2.736,0.0000,,2.336,4.9838,,2.489,0.0000,,2.532,29.3925,,2.568,0.0000,,2.492,0.0380,,2.402,1.2388,,2.530,0.0000,,2.603,0.0000,,2.706,0.0000,,2.709,6.2635,,,,,2.769,0.0000,,2.900,29.2694,,2.768,0.0000,,,,,3.370,0.0000,,3.002,0.0000,,3.060,0.0000,,3.092,0.0000,,4.788,0.0000,
!,!,T262580250,15SEP2026_LCMS6_MP_001_062.d,Sample,,9/15/2026 8:11 PM,P1-G7,0.489,5.2972,,,,,,,,0.738,0.6545,,0.910,17.1485,,0.984,0.0000,,1.037,0.0000,,1.135,2.0671,,1.089,0.0000,,1.274,0.0000,,1.180,0.0000,,0.903,5.0235,,1.169,0.0000,,1.024,4.4806,,1.007,2.1303,,1.140,0.7479,,1.249,0.0000,,1.270,0.0000,,1.228,0.9308,,1.352,0.0000,,1.426,19.2039,,1.265,0.0000,,1.319,0.0000,,1.296,0.0000,,1.621,0.0000,,1.385,0.4475,,1.395,10.2433,,1.588,0.0000,,1.612,0.0000,,1.443,0.7789,,1.606,1.9632,,1.638,0.0000,,1.732,1.8762,,1.909,1.1000,,1.739,0.0000,,1.737,0.0000,,2.080,0.0000,,1.988,0.0000,,1.864,0.0216,,2.051,2272.3748,,2.085,0.0000,,2.178,0.0000,,1.915,0.0000,,2.082,0.0622,,2.045,0.0000,,2.494,0.0000,,2.237,0.0000,,2.082,0.0000,,2.458,0.0000,,2.306,1.3106,,2.730,0.0000,,2.509,0.0000,,2.392,0.0000,,2.376,0.0000,,2.320,0.0000,,2.380,4.8935,,2.454,0.0000,,2.618,0.0000,,2.663,0.4436,,2.647,0.0000,,2.402,4.4689,,2.573,0.0000,,2.595,0.0000,,2.680,0.0000,,2.744,6.3287,,2.755,0.0000,,2.726,0.4161,,2.805,28.9870,,2.905,0.0000,,2.911,0.0000,,3.378,0.0000,,3.173,0.0000,,3.094,0.0000,,3.372,0.0000,,4.354,1.0080,
!,!,T262580254,15SEP2026_LCMS6_MP_001_063.d,Sample,,9/15/2026 8:18 PM,P1-H7,0.423,6.6245,,0.316,0.0000,,0.538,0.0000,,1.002,1.7706,,0.910,9.0581,,0.577,0.0000,,0.748,0.0000,,1.143,0.0000,,1.312,0.0000,,1.197,0.0000,,1.000,0.0000,,1.211,0.0000,,1.418,0.0000,,1.178,2.5062,,1.316,0.0000,,1.217,0.2413,,1.240,0.0000,,1.099,4.2184,,1.228,0.8884,,1.413,0.0000,,1.323,19.1753,,1.274,0.0000,,1.448,0.0000,,1.494,0.0000,,1.337,0.0000,,1.480,0.3531,,1.499,11.5332,,1.571,0.0000,,1.612,0.0000,,1.546,0.0000,,1.640,1.4598,,1.647,0.0000,,1.672,2.5723,,1.909,0.9843,,1.610,0.0000,,1.608,0.0000,,2.071,0.0000,,1.678,0.5512,,1.993,0.0000,,2.060,0.0000,,2.163,0.0000,,2.040,0.0000,,,,,2.125,0.0454,,2.374,0.0000,,2.520,0.0000,,2.264,0.0000,,2.282,0.0000,,2.250,0.0000,,2.315,0.0000,,2.063,0.0000,,2.284,0.0000,,2.383,0.0000,,2.376,0.0000,,2.390,0.0000,,2.371,4.5829,,2.515,0.0000,,2.618,0.0000,,2.525,0.0000,,2.414,0.0000,,2.402,1.1390,,2.591,0.0000,,2.603,0.0000,,2.671,0.0000,,2.701,168.7175,,2.712,0.0000,,2.855,0.0000,,3.003,33.3077,,2.974,0.0000,,2.782,0.0000,,3.370,0.0000,,3.122,0.0000,,3.129,0.0000,,3.674,0.0000,,4.788,0.0000,
!,!,T262580259,15SEP2026_LCMS6_MP_001_064.d,Sample,,9/15/2026 8:25 PM,P1-A8,0.440,1.6931,,0.474,0.0000,,,,,1.010,0.0000,,0.816,145191.6280,,1.010,33.6125,,1.046,0.0000,,0.989,8.4332,,1.089,0.0000,,,,,1.197,0.0000,,1.177,0.0000,,1.169,0.0000,,1.006,2.7762,,1.024,0.0000,,1.157,0.7556,,1.249,0.0000,,1.382,4.7149,,1.220,0.8788,,1.292,0.0000,,1.452,19.2369,,1.360,0.0000,,1.310,0.0000,,1.486,0.0000,,1.371,0.0000,,1.506,0.3427,,1.508,10.5191,,1.562,0.0000,,1.474,0.0289,,1.607,7207.7295,,1.391,2.5558,,1.664,0.0000,,1.929,2.2791,,1.702,0.9989,,1.757,0.0000,,1.729,0.0000,,1.804,0.0000,,1.962,391.2252,,2.356,0.0000,,2.069,0.0000,,2.068,0.0000,,2.110,0.0000,,2.080,0.0000,,2.082,0.1326,,2.140,0.0000,,2.200,0.0000,,2.246,0.0000,,,,,2.449,0.0000,,2.315,0.0000,,2.107,0.0000,,2.361,0.0000,,2.383,708.1047,,2.385,0.0000,,2.372,0.0000,,2.605,4.8366,,2.480,0.0000,,2.601,0.0000,,2.576,0.0000,,2.362,0.0000,,2.411,0.5394,,2.522,0.0000,,2.603,0.0000,,2.680,0.0000,,2.753,6.3690,,2.806,0.0000,,2.743,0.0000,,3.267,36.1217,,3.271,0.0000,,2.842,0.0000,,2.487,0.0000,,3.343,0.0000,,3.205,0.0000,,3.363,0.0000,,4.362,0.0000,
!,!,T262580261,15SEP2026_LCMS6_MP_001_065.d,Sample,,9/15/2026 8:32 PM,P1-B8,0.406,0.3743,,0.400,3.2301,,0.614,0.0000,,0.917,0.0000,,0.816,35681.0552,,0.993,10.2944,,0.986,0.0000,,0.989,1726.1250,,1.046,0.0000,,1.429,0.0000,,1.155,0.0000,,1.082,1.5775,,1.177,0.0000,,1.195,2.3339,,1.368,0.0000,,0.985,0.0000,,1.214,0.0000,,1.235,4.6083,,0.895,1.9366,,1.456,0.0000,,1.426,19.1840,,1.437,0.0000,,1.310,0.0000,,1.520,0.0000,,1.621,0.0000,,1.506,0.5333,,1.508,10.2589,,1.571,0.0000,,1.698,0.0000,,1.952,0.0251,,1.666,1.9104,,1.664,0.0000,,1.886,2.3600,,1.866,0.9977,,1.731,0.0000,,1.668,0.0000,,2.080,8.3423,,1.971,1151.8039,,1.941,0.0000,,2.069,0.0000,,2.458,0.0000,,2.266,0.0000,,2.106,0.0000,,2.099,0.0660,,2.200,0.0000,,2.598,0.0000,,2.255,0.0000,,2.073,0.0000,,2.102,0.0000,,2.332,0.0128,,2.107,0.0000,,2.344,0.0000,,2.383,1037.4441,,2.376,0.0000,,2.364,0.0000,,2.449,4.6491,,2.489,0.0000,,2.497,0.0000,,2.542,0.0000,,2.388,0.0000,,2.411,1.3391,,2.608,0.0000,,2.586,0.0000,,2.663,0.0000,,2.727,6.2567,,2.798,0.0422,,2.872,0.0000,,2.891,34.4178,,2.854,0.0000,,3.405,0.0000,,2.496,0.0000,,3.317,0.0000,,3.077,0.0000,,3.571,0.0000,,,,
!,!,T262580215,15SEP2026_LCMS6_MP_001_066.d,Sample,,9/15/2026 8:39 PM,P1-C8,0.398,0.0397,,,,,,,,0.687,0.0000,,,,,0.967,4.3385,,1.003,0.0000,,1.135,0.2702,,1.012,0.0000,,1.257,13.2963,,1.189,0.0000,,1.074,0.0000,,1.169,0.0000,,1.264,2.6261,,1.136,0.0000,,1.260,0.7527,,1.274,0.0000,,1.261,5.6443,,0.895,1.6004,,1.301,0.0000,,1.246,19.2091,,1.102,0.0000,,1.319,0.0000,,1.607,0.0000,,1.673,0.0000,,1.713,0.4079,,1.481,3966.1156,,1.579,0.0000,,1.698,0.0000,,1.615,0.0000,,1.701,1.7307,,1.483,0.0000,,1.697,2.1063,,1.841,1.0018,,1.748,0.0000,,1.711,0.0000,,1.804,1.4487,,2.067,4.9581,,2.098,0.0000,,2.060,0.0000,,2.441,0.0000,,2.179,0.0000,,2.037,0.0000,,2.056,0.0425,,2.330,0.0000,,1.897,0.0000,,2.246,0.0000,,2.316,0.0000,,2.059,0.0000,,2.297,0.0000,,2.046,0.0496,,2.422,0.0000,,2.331,0.1420,,2.359,9327.0186,,2.113,0.0000,,2.432,4.6355,,2.480,0.0000,,2.401,0.0000,,2.672,0.0000,,2.345,0.0000,,2.550,0.0000,,2.357,0.0000,,2.595,2057.9016,,2.680,0.0000,,,,,2.729,0.0000,,2.924,0.0000,,2.840,28.5732,,2.629,0.0000,,2.954,0.0000,,3.370,0.0000,,3.190,0.0000,,3.306,0.0000,,3.355,0.0000,,,,
!,!,T262580217,15SEP2026_LCMS6_MP_001_067.d,Sample,,9/15/2026 8:46 PM,P1-D8,0.423,13.5667,,0.391,3.2983,,,,,0.746,237.7820,,0.782,81.5383,,0.568,44.3455,,0.858,0.0000,,0.828,0.0000,,0.858,19714.0612,,1.386,0.0000,,1.309,2.9857,,1.236,44.0648,,1.014,304464.2343,,1.333,6.2350,,1.592,0.0000,,1.432,0.0000,,1.283,0.0000,,1.287,4.3743,,1.246,0.8339,,1.001,0.0000,,1.314,19.1919,,1.472,0.0000,,1.319,0.0000,,1.503,0.0000,,1.613,0.0000,,1.540,0.7385,,1.551,12.2282,,1.571,288.0861,,2.104,0.0000,,1.494,1.0136,,1.589,2.0225,,1.552,0.0442,,1.852,14.6708,,1.815,1.0893,,1.748,0.0000,,1.763,0.0000,,1.872,0.0000,,1.988,5.1169,,2.235,0.0000,,2.051,0.0000,,2.450,0.0000,,2.187,0.0000,,2.002,0.0000,,2.116,0.0443,,2.382,0.0000,,2.148,0.0000,,2.237,0.0000,,1.969,0.0000,,2.518,0.0000,,2.263,0.0000,,2.514,0.0000,,2.413,0.0000,,2.522,0.0000,,2.332,38023.6608,,2.251,0.0000,,2.406,4.7917,,2.480,0.0000,,2.627,0.0000,,2.542,0.0000,,2.752,0.0000,,2.393,0.0000,,2.331,0.0000,,2.586,5963.5867,,2.671,0.0000,,2.821,6.2796,,2.781,0.0000,,2.735,0.0000,,2.952,31.9995,,2.664,0.0000,,3.116,0.0000,,3.370,0.0000,,3.190,0.0000,,3.052,0.0000,,3.286,0.0000,,4.538,23.8707,
!,!,T262580219,15SEP2026_LCMS6_MP_001_068.d,Sample,,9/15/2026 8:54 PM,P1-E8,0.440,4.5882,,0.474,0.0000,,0.572,0.0000,,0.712,0.0000,,0.901,1.0660,,0.695,1.3354,,1.020,0.0000,,1.135,0.0000,,1.029,0.0000,,1.248,0.0000,,1.429,0.0000,,1.065,0.0000,,1.160,0.0000,,1.566,2.6825,,1.145,0.0000,,1.123,0.3100,,1.086,0.0000,,1.235,4.2342,,1.220,0.8351,,1.164,0.0000,,1.426,19.1992,,1.619,0.0000,,1.310,0.0000,,1.486,0.0000,,1.483,0.0000,,1.454,0.3540,,1.490,10.6862,,1.571,0.0000,,1.526,0.0000,,1.996,0.0000,,1.270,1.2869,,1.647,0.0000,,1.672,1.7683,,1.789,0.9663,,1.739,0.0000,,1.711,0.0000,,2.071,0.0000,,1.901,0.7515,,1.795,0.0000,,2.060,0.0000,,2.103,0.0000,,2.101,0.0000,,2.106,0.0000,,2.003,0.0536,,2.339,0.0000,,2.355,0.0000,,2.246,0.0000,,2.142,0.0000,,,,,2.315,0.0000,,2.219,0.0000,,2.335,0.0000,,2.331,0.0000,,2.368,1973.6215,,2.675,0.0000,,2.484,4.5377,,2.489,0.0000,,2.540,0.0000,,2.533,0.0000,,2.734,0.0000,,2.402,0.9857,,2.374,0.0000,,2.595,730.6832,,2.663,0.0000,,2.674,6.3053,,2.720,0.0000,,2.847,0.0000,,3.011,30.9927,,2.672,0.0000,,3.073,0.0000,,3.370,0.0000,,2.994,0.0000,,3.086,0.0000,,3.040,0.0000,,4.546,0.0000,
!,!,T262580223,15SEP2026_LCMS6_MP_001_069.d,Sample,,9/15/2026 9:01 PM,P1-F8,0.431,2.4544,,0.391,0.0000,,,,,0.721,0.0000,,0.884,0.0000,,0.712,16.3170,,0.850,0.0000,,1.135,2.1656,,1.037,0.0000,,1.137,0.0000,,1.300,0.0000,,1.074,0.0000,,1.169,0.0000,,1.187,2.3627,,1.265,0.0000,,1.140,0.4620,,1.274,0.0000,,1.261,4.2471,,0.903,1.2593,,1.395,0.0000,,1.237,19.4114,,1.360,0.0000,,1.310,0.0000,,1.494,0.0000,,1.656,0.0000,,1.471,0.3403,,1.499,13.4393,,1.562,1.4645,,1.682,0.0000,,1.469,0.0000,,1.753,1.7193,,1.500,1.5587,,,,,1.858,0.9647,,1.937,0.0000,,1.729,0.0000,,1.821,0.0000,,1.962,1.0408,,1.889,0.0000,,2.060,0.0000,,2.051,0.0000,,2.135,0.0000,,2.045,0.0000,,2.091,0.0466,,2.036,0.0000,,2.001,0.0000,,2.246,0.0000,,1.960,0.1032,,2.319,0.0000,,2.306,0.0000,,2.288,0.0000,,2.327,0.0000,,2.314,0.0100,,2.368,4225.4544,,2.295,0.0000,,2.527,4.6175,,2.489,0.0000,,2.506,0.0000,,2.672,0.0000,,2.700,0.0000,,2.402,1.1510,,2.522,0.0000,,2.595,3722.5077,,2.680,0.0000,,2.649,6.2828,,2.746,0.0000,,2.778,0.0000,,2.702,31.1022,,2.802,0.0000,,2.911,0.0000,,3.370,0.0000,,3.198,0.0000,,3.094,0.0000,,3.563,0.0000,,,,
!,!,T262580226,15SEP2026_LCMS6_MP_001_070.d,Sample,,9/15/2026 9:08 PM,P1-G8,0.406,0.5628,,0.482,0.5815,,,,,0.729,0.0000,,0.901,21.4716,,0.712,1.3824,,1.037,0.0000,,0.981,309.6451,,1.046,0.0000,,1.128,0.0000,,1.447,0.0000,,1.065,0.0000,,1.169,0.0000,,1.178,2.8340,,0.914,0.0000,,1.131,0.6623,,1.257,0.0000,,1.253,4.3643,,1.211,0.8514,,1.172,0.0000,,1.400,19.2202,,1.601,0.0000,,1.310,0.0000,,1.469,0.0000,,1.656,0.0000,,1.170,0.3684,,1.499,10.5129,,1.562,4.0773,,1.561,0.1368,,1.849,0.0000,,1.485,2.2251,,1.647,0.0000,,1.672,2.6292,,1.668,0.9760,,1.748,0.5924,,1.711,0.0000,,1.769,0.0000,,1.953,1190.8959,,1.881,0.0019,,2.060,0.0000,,1.766,0.0000,,2.084,0.0000,,1.898,0.0000,,2.099,0.0668,,2.140,0.0000,,2.451,0.0000,,2.246,0.0000,,2.134,0.0000,,2.085,0.0000,,2.297,0.0000,,2.254,0.0000,,2.344,0.0000,,2.375,297.0555,,2.376,0.0000,,2.381,0.0000,,2.475,4.7699,,2.471,0.0000,,2.540,0.0000,,2.369,0.0000,,2.587,0.0000,,2.402,1.6065,,2.573,0.0000,,2.603,0.0000,,2.680,0.0000,,2.753,6.2592,,2.798,0.0000,,2.752,0.0000,,3.046,29.3588,,2.655,0.0000,,3.218,0.0000,,3.370,0.0000,,3.181,0.0000,,3.120,0.0000,,3.622,0.0000,,4.538,1.6192,
!,!,T262580229,15SEP2026_LCMS6_MP_001_071.d,Sample,,9/15/2026 9:15 PM,P1-H8,0.523,3.7453,,0.584,0.0000,,,,,0.704,0.0000,,0.893,18.4237,,0.712,19.7857,,,,,1.135,1.0150,,1.303,1.0573,,1.128,0.0000,,1.163,0.0000,,1.159,1.3431,,1.169,0.0000,,1.006,2.4410,,1.170,0.0000,,1.140,0.4760,,1.223,0.0000,,1.244,4.2247,,1.573,0.9175,,1.172,0.0000,,1.392,19.1831,,1.575,0.0000,,1.301,0.0000,,1.374,0.0000,,1.698,0.0000,,1.419,0.4720,,1.516,10.6298,,1.579,0.0000,,1.647,0.0000,,1.581,3.6742,,1.762,1.8920,,1.664,0.0000,,1.595,1.8840,,1.841,1.1154,,1.739,0.0000,,1.703,0.0000,,1.804,0.0000,,1.893,1.4316,,2.158,0.0000,,1.964,0.0000,,2.450,0.0000,,2.248,0.0000,,2.080,0.0000,,2.220,0.0588,,2.270,0.0000,,1.811,0.0000,,2.264,0.0000,,2.342,0.0000,,2.094,0.0000,,2.297,0.0000,,2.427,0.0075,,2.266,0.0000,,2.462,0.7017,,2.368,7897.9176,,2.416,0.0000,,2.613,4.8412,,2.471,0.0000,,2.237,1.0620,,2.663,0.0000,,2.414,0.0000,,2.402,1.2610,,2.366,0.0000,,2.595,3283.7808,,2.680,0.0000,,,,,2.789,0.4052,,2.804,0.0000,,2.754,30.2347,,2.836,0.0000,,,,,3.370,8.4156,,3.164,0.0000,,3.043,0.0000,,3.346,0.0000,,4.354,0.0000,
!,!,T262580234,15SEP2026_LCMS6_MP_001_072.d,Sample,,9/15/2026 9:22 PM,P1-A9,0.565,0.0000,,0.400,0.0000,,0.478,0.0000,,0.611,0.0000,,0.901,0.0000,,0.891,0.3950,,1.141,0.0000,,1.135,1.6426,,1.029,0.0000,,1.128,0.0000,,1.043,0.0000,,1.168,0.3641,,1.169,0.0000,,1.298,2.9213,,1.153,0.0000,,1.140,0.9243,,1.231,0.0000,,1.210,4.6013,,0.903,1.7972,,1.395,0.0000,,1.005,20.8811,,1.394,0.0000,,1.301,0.0000,,1.348,0.0000,,1.345,0.0000,,1.376,0.3776,,1.663,10.3433,,1.597,0.0000,,,,,1.494,0.0419,,1.399,1.5233,,1.664,0.0000,,1.964,1.8865,,1.927,1.0462,,1.731,0.0000,,1.677,0.0000,,1.906,0.0000,,1.988,0.9976,,2.063,0.0000,,2.060,0.0000,,2.085,0.0000,,2.248,0.0000,,2.089,0.0000,,2.099,0.0444,,2.296,0.0000,,2.174,0.0000,,2.264,0.0000,,2.212,0.0000,,2.284,0.0000,,2.480,0.0000,,2.496,0.2738,,2.535,0.0000,,2.305,0.0000,,2.359,14840.8439,,2.355,0.0000,,2.484,4.6152,,2.471,0.0000,,2.635,0.0000,,2.525,0.0000,,2.535,0.0000,,2.584,0.0000,,2.357,0.0000,,2.603,1064.8300,,2.689,0.0000,,2.761,6.3074,,2.772,0.0000,,2.942,0.0000,,3.182,33.6935,,2.802,0.0000,,2.919,0.0000,,3.370,0.0000,,2.977,0.0000,,3.069,0.0000,,3.563,0.0000,,,,
!,!,T262580179,15SEP2026_LCMS6_MP_001_073.d,Sample,,9/15/2026 9:29 PM,P1-B9,0.431,7.1213,,0.433,0.0000,,0.444,0.0000,,0.729,0.0000,,0.910,0.0000,,0.737,5.2179,,0.867,0.0000,,0.811,0.0000,,1.063,0.0000,,1.060,4.7877,,1.223,4.4752,,1.057,1.6108,,1.177,0.0000,,1.144,3.5587,,1.119,0.0000,,1.535,5.3117,,1.240,0.0000,,1.244,4.4289,,1.228,0.8717,,1.172,0.0000,,1.452,19.2012,,1.342,0.0000,,1.319,0.0000,,1.486,0.0000,,1.552,0.0000,,1.471,0.3598,,1.508,10.2390,,1.579,0.0000,,1.682,0.0000,,1.391,1.5185,,1.710,1.7763,,1.647,0.0000,,1.638,2.9266,,1.935,0.9672,,1.636,0.0000,,1.746,0.0000,,2.071,8.4093,,,,,1.752,0.0000,,2.051,0.0000,,2.311,0.0000,,2.118,0.0000,,2.132,0.0000,,2.264,0.0539,,2.529,0.0000,,2.174,0.0000,,2.246,0.0000,,2.160,0.0000,,2.354,0.0000,,2.315,0.0000,,2.314,0.0000,,2.440,0.0000,,2.323,0.0000,,2.368,0.2900,,2.303,0.0000,,2.613,5.8918,,2.471,0.0000,,2.488,0.0000,,2.663,0.0000,,2.379,0.0000,,2.393,1.6143,,2.573,0.0000,,2.603,0.0000,,2.654,0.0000,,2.640,6.2445,,2.892,0.0000,,2.769,0.0000,,2.711,28.6509,,2.672,0.0000,,2.722,0.0000,,3.370,0.0000,,3.088,0.0000,,3.154,0.0000,,,,,,,
!,!,T262580184,15SEP2026_LCMS6_MP_001_074.d,Sample,,9/15/2026 9:37 PM,P1-C9,0.431,6.8577,,,,,,,,1.010,5.2285,,0.910,28.3425,,1.001,43.8834,,,,,1.126,0.0000,,1.131,0.0000,,1.274,0.0000,,1.163,0.0000,,1.074,0.0167,,1.169,0.0000,,1.067,2.4988,,0.982,0.0000,,1.131,0.5410,,1.240,0.0000,,1.270,5.3815,,1.228,0.8884,,1.164,0.0000,,1.443,19.1933,,1.385,0.0000,,1.301,0.0000,,1.460,0.0000,,1.544,0.0000,,1.488,0.3692,,1.499,10.2444,,1.571,0.0000,,1.664,0.1659,,1.546,0.0000,,1.485,1.8245,,1.647,0.0000,,1.689,3.3231,,1.900,0.9741,,1.722,0.0000,,1.866,0.0000,,2.071,6.1006,,1.953,21.0517,,2.071,0.0000,,2.043,0.0000,,2.033,0.0000,,2.092,0.0000,,2.192,0.0000,,2.177,0.0466,,2.235,0.0000,,2.407,0.0000,,2.237,2365.1169,,2.412,0.0000,,2.328,0.0000,,2.315,0.0000,,2.470,0.0000,,2.466,0.0000,,2.366,42.5099,,2.376,0.0000,,2.355,0.0000,,2.310,6.0290,,2.463,0.0000,,2.436,0.0000,,2.412,0.0000,,2.975,0.0000,,2.679,0.0000,,2.479,0.0000,,2.586,0.0000,,2.671,0.0000,,2.761,6.2617,,2.313,0.0000,,2.976,0.0000,,3.020,37.4155,,2.594,0.0000,,2.919,0.0000,,3.370,0.0000,,3.019,0.0000,,2.967,0.0000,,3.346,0.0000,,,,
!,!,T262580186,15SEP2026_LCMS6_MP_001_075.d,Sample,,9/15/2026 9:44 PM,P1-D9,0.406,0.4751,,,,,,,,1.010,23.0505,,0.901,31.3314,,,,,1.037,0.0000,,1.126,4.3356,,1.080,0.0000,,0.863,0.0000,,1.257,0.0000,,1.065,1.5138,,1.160,0.0000,,1.290,2.2433,,1.205,0.0000,,1.123,0.7040,,1.231,0.0000,,1.339,4.2558,,1.237,0.9261,,1.164,0.0000,,1.452,19.1859,,1.368,0.0000,,1.301,0.0000,,1.486,0.0000,,1.302,0.0000,,1.480,0.3851,,1.516,10.3107,,1.562,0.0000,,1.414,0.0213,,1.702,0.0000,,1.683,1.5361,,1.647,0.0000,,1.672,3.7998,,1.573,0.9986,,1.739,0.0000,,1.720,0.0000,,2.071,5.1119,,1.953,116.0883,,2.054,0.0531,,2.043,0.0000,,2.432,0.0000,,2.118,0.0000,,2.080,0.0000,,2.611,0.0524,,2.313,0.0000,,2.070,0.0000,,2.237,0.0000,,2.151,0.0000,,2.076,0.0000,,2.280,995.6049,,2.979,0.0397,,2.110,0.0000,,2.366,204.1150,,2.368,0.0000,,2.372,0.0000,,2.622,5.1418,,2.463,0.0000,,2.532,0.0000,,2.655,0.0000,,2.518,0.0000,,2.489,0.0000,,2.539,0.0000,,2.586,0.0000,,2.680,0.0000,,2.519,6.2511,,2.643,0.0000,,2.709,0.0000,,2.728,37.8628,,2.914,0.0000,,2.911,0.0000,,3.370,0.0000,,2.968,0.0000,,3.069,0.0000,,3.346,0.0000,,,,
!,!,T262580191,15SEP2026_LCMS6_MP_001_076.d,Sample,,9/15/2026 9:51 PM,P1-E9,0.415,1.4997,,,,,,,,0.729,0.0000,,0.816,102008.0186,,1.010,24.0092,,1.226,0.0000,,1.126,0.0000,,1.012,0.0000,,1.154,0.0000,,1.404,0.0000,,0.894,7.3427,,1.169,0.0000,,0.956,2.3418,,1.222,0.0000,,1.363,0.5512,,1.231,0.0000,,1.261,4.7683,,1.237,0.9205,,1.164,0.0000,,1.435,19.1914,,1.377,0.0000,,1.293,0.0000,,1.503,0.0000,,1.759,0.0000,,1.523,0.3847,,1.499,10.4747,,1.571,0.0000,,1.682,0.3470,,1.607,0.3343,,1.598,1.4578,,1.647,0.0000,,,,,1.728,0.9901,,1.748,0.0000,,1.755,0.0000,,1.778,0.0000,,1.962,103.4924,,2.028,0.0000,,2.051,0.0000,,2.051,0.0000,,2.127,0.0000,,1.873,0.0000,,2.082,0.0634,,2.313,0.0349,,2.165,0.0000,,2.246,112.0615,,2.256,0.0000,,2.388,0.0000,,2.297,0.1108,,2.332,0.0000,,2.378,0.0000,,2.375,114.3794,,2.376,0.0000,,2.805,0.0000,,2.631,4.6281,,2.489,0.0000,,2.488,0.0000,,2.317,0.0000,,2.509,0.0000,,2.558,14.1683,,2.790,0.0000,,2.595,0.0000,,2.671,0.0000,,3.334,6.3203,,2.824,0.0000,,2.743,0.0000,,2.866,29.9803,,2.646,0.0000,,3.124,0.0000,,3.370,0.0000,,3.019,0.0000,,3.129,0.0000,,3.372,0.0000,,,,
!,!,T262580193,15SEP2026_LCMS6_MP_001_077.d,Sample,,9/15/2026 9:58 PM,P1-F9,0.423,5.3439,,,,,,,,0.729,0.0000,,0.901,16.2843,,0.848,13.5827,,1.037,0.0000,,1.135,1.6462,,1.114,0.0000,,1.274,0.0000,,1.180,0.0000,,1.202,0.2087,,1.143,0.0000,,0.990,2.2486,,0.990,0.0000,,1.131,0.4665,,1.249,0.0000,,1.210,4.2029,,1.220,0.8718,,1.172,0.0000,,1.590,19.2081,,1.308,0.0000,,1.301,0.0000,,1.469,0.0000,,1.122,0.0000,,1.540,0.3545,,1.481,10.3310,,1.562,0.0000,,1.422,0.0000,,1.658,0.0000,,1.753,1.4194,,1.638,0.0000,,1.921,5.3258,,1.720,0.9622,,1.954,0.0000,,1.746,0.0000,,2.071,3.9273,,1.816,0.8492,,1.958,0.0000,,2.043,101.7017,,1.946,0.0000,,2.205,0.0000,,1.890,0.0000,,2.073,0.0917,,2.209,0.0000,,1.786,0.0000,,2.237,0.0000,,2.385,0.0000,,2.085,0.0000,,2.297,2455.9412,,2.418,0.0000,,2.483,0.0000,,2.366,0.0000,,2.385,0.0000,,2.407,0.0000,,2.475,4.5707,,2.489,0.0000,,2.393,0.0000,,2.672,0.0000,,2.630,0.0000,,2.402,1.5066,,2.522,0.0000,,2.612,0.0000,,2.680,0.0000,,2.648,6.2534,,2.858,0.0000,,2.596,0.0000,,3.088,35.3128,,2.845,0.0000,,2.747,0.0000,,3.370,0.0000,,3.105,0.0000,,3.137,0.0000,,3.372,0.0000,,,,
!,!,T262580196,15SEP2026_LCMS6_MP_001_078.d,Sample,,9/15/2026 10:05 PM,P1-G9,0.415,1.0220,,0.408,0.0000,,0.538,0.0000,,0.738,0.0000,,0.910,94.7573,,0.993,2.5750,,0.960,0.9576,,1.135,6.4448,,1.046,0.0000,,0.770,0.0000,,1.172,1.8660,,1.211,0.5245,,1.160,0.0000,,1.169,2.3586,,1.196,0.0000,,1.140,1.0319,,1.249,0.0000,,1.235,4.3075,,0.903,2.7280,,1.181,0.0000,,1.383,19.1974,,1.342,0.0000,,1.310,0.0000,,1.460,0.0000,,1.682,0.0000,,1.523,0.3635,,1.499,21.0058,,1.562,0.0000,,1.664,0.0000,,1.426,0.1355,,1.571,1.5791,,1.500,4.2539,,,,,1.565,0.9987,,1.645,0.1419,,1.720,0.0000,,2.071,6.3586,,1.971,3.0374,,1.958,0.0000,,2.043,0.0000,,1.749,0.0000,,2.222,0.0000,,2.080,0.0000,,2.082,0.0611,,2.391,0.0000,,2.182,0.0000,,2.246,0.0000,,2.047,0.0000,,2.362,0.0000,,2.306,2.0566,,2.331,0.0000,,2.352,0.0000,,2.374,0.4838,,2.376,0.0000,,2.364,33.5748,,2.336,4.7010,,2.471,0.0000,,2.583,0.0000,,2.447,0.0000,,2.396,0.0000,,2.402,0.8024,,2.591,0.0000,,2.586,0.0000,,2.680,0.0000,,2.648,6.2732,,2.694,0.0000,,2.838,0.0000,,2.762,42.7145,,2.905,0.0000,,2.833,0.0000,,3.370,4.6634,,3.173,0.0000,,3.188,0.0000,,3.312,0.0000,,,,
!,!,T262580200,15SEP2026_LCMS6_MP_001_079.d,Sample,,9/15/2026 10:12 PM,P1-H9,0.447,3.0832,,,,,,,,0.942,0.0000,,0.816,166517.3598,,0.976,4.2025,,1.235,8.7049,,1.135,5.6904,,1.029,0.0000,,1.274,0.0000,,1.266,0.0000,,1.219,0.0000,,1.169,0.0000,,1.169,14.4833,,1.110,0.0000,,1.191,4.1022,,0.991,0.0000,,1.278,12.5562,,0.912,1.2132,,1.369,0.0000,,1.418,19.2027,,1.360,0.0000,,1.319,0.0000,,1.365,0.0000,,1.423,0.1490,,1.376,0.3698,,1.499,5175.7473,,1.571,0.8851,,1.664,0.3013,,1.615,0.0000,,1.675,1.3130,,1.500,0.0000,,1.638,18.9893,,1.858,0.9856,,1.842,0.0000,,1.746,0.0000,,1.786,5.5440,,2.136,1.3105,,2.037,0.0000,,2.051,0.0000,,2.068,0.0000,,2.187,0.0000,,2.072,0.0000,,2.082,0.0523,,2.313,0.1612,,2.079,0.0000,,2.255,0.0000,,2.412,0.0000,,2.033,0.0000,,2.289,2.3694,,2.591,0.3705,,2.431,0.0000,,,,,2.368,0.0000,,2.546,111.5992,,2.345,4.9131,,2.480,0.0000,,2.349,0.0000,,2.316,0.0000,,2.396,0.0000,,2.402,2.2159,,2.747,0.0000,,3.272,1.2423,,2.663,0.0000,,2.744,6.3475,,2.884,0.0000,,2.984,3.4161,,2.814,45.9748,,3.008,0.0000,,2.937,0.0000,,3.370,15.4628,,2.994,0.0000,,3.129,0.0000,,3.312,0.0000,,4.354,0.0000,
!,!,T262580202,15SEP2026_LCMS6_MP_001_080.d,Sample,,9/15/2026 10:19 PM,P1-A10,0.415,1.4010,,0.448,0.0000,,,,,0.721,0.0000,,0.884,24.5729,,1.027,0.0791,,1.081,0.0000,,1.126,5.6215,,1.012,0.0000,,,,,1.163,3.2742,,1.142,1.0774,,1.160,0.0000,,0.998,2.2748,,1.127,0.0000,,1.140,0.5469,,1.257,0.0000,,1.210,4.2391,,0.903,1.8554,,1.164,0.0000,,1.280,19.2222,,1.377,0.0000,,1.293,0.0000,,1.451,0.0000,,1.578,0.0000,,1.583,0.3481,,1.637,11.3798,,1.571,0.0000,,1.682,0.2142,,1.589,0.0000,,1.615,1.3125,,1.638,0.0000,,1.732,10.8090,,1.659,0.9825,,1.705,0.0000,,1.866,0.0000,,2.062,1.1936,,2.292,0.9913,,2.097,0.0397,,2.043,320.3111,,2.016,0.0000,,2.006,0.0000,,2.253,0.0000,,2.142,0.0498,,2.131,0.0000,,1.811,0.0000,,2.220,5352.2851,,2.611,0.0000,,2.258,0.0000,,2.306,0.0000,,,,,2.413,0.0000,,2.453,0.0000,,2.368,0.0000,,2.563,0.0000,,2.397,4.5703,,2.463,0.0000,,2.506,978.1915,,2.577,0.0000,,2.475,8.3041,,2.393,0.1359,,2.505,15.6285,,2.595,0.0000,,2.663,0.0000,,,,,2.712,0.0000,,2.596,0.0000,,3.165,51.1790,,2.819,0.0000,,2.928,0.0000,,3.370,22.4400,,3.173,0.0000,,2.699,0.0000,,3.372,0.0000,,,,
!,!,T262580206,15SEP2026_LCMS6_MP_001_081.d,Sample,,9/15/2026 10:27 PM,P1-B10,0.565,0.6875,,0.482,0.0000,,,,,0.729,0.0000,,0.893,15.5523,,1.001,11.5311,,1.020,0.0000,,0.989,367.0327,,1.312,0.0000,,1.248,0.0000,,1.034,0.0000,,1.177,0.1055,,1.169,0.0000,,0.981,3.0484,,1.454,0.0000,,1.346,0.9271,,1.274,0.0000,,1.244,4.3369,,0.895,2.1708,,1.309,0.0000,,1.461,19.2040,,1.394,0.0000,,1.301,0.0000,,1.469,0.0000,,1.664,0.0000,,1.488,0.4799,,1.499,10.4065,,1.562,0.0000,,1.466,0.0000,,1.684,0.1738,,2.082,0.0000,,1.647,0.0000,,1.732,1.8904,,1.875,0.9993,,1.731,0.0000,,1.841,0.0000,,1.691,0.0000,,1.953,437.1098,,1.847,0.0783,,2.025,0.0000,,2.033,0.0000,,2.152,0.0000,,2.166,0.0000,,2.229,0.0692,,2.590,0.0000,,2.425,0.0000,,2.246,0.3824,,,,,2.250,0.0000,,2.332,0.0000,,2.158,0.0000,,2.378,0.0000,,2.383,385.3167,,2.385,0.0000,,2.355,0.0000,,2.475,77.9319,,2.471,0.0000,,2.532,0.0000,,2.342,0.0000,,2.388,0.0000,,2.393,0.9353,,2.850,0.0000,,2.603,0.0000,,2.671,0.0000,,2.727,6.3238,,2.789,0.0000,,2.933,0.0000,,2.848,30.7863,,2.828,0.0000,,2.583,0.0000,,2.496,0.0000,,3.190,0.0000,,2.984,0.0000,,3.329,0.0000,,,,
!,!,T262580208,15SEP2026_LCMS6_MP_001_082.d,Sample,,9/15/2026 10:34 PM,P1-C10,0.481,4.2904,,0.482,0.0000,,,,,0.695,0.0000,,0.884,0.0000,,0.882,0.7402,,1.037,0.0000,,1.135,0.0000,,0.994,0.0000,,1.162,0.0000,,1.060,0.0000,,1.065,0.0000,,1.169,0.0000,,0.990,2.3065,,1.205,0.0000,,1.191,0.3845,,1.274,0.0000,,1.235,4.4008,,0.903,1.1651,,1.181,0.0000,,1.280,19.1892,,1.377,0.0000,,1.293,0.0000,,1.512,0.0000,,1.518,0.0000,,1.583,0.3493,,1.646,10.3283,,1.432,0.0000,,1.664,0.4076,,1.512,3.5929,,1.632,2709.8098,,1.638,0.0000,,1.844,1.8591,,1.849,0.9722,,1.860,0.0000,,1.763,0.0000,,2.071,17.2970,,2.093,0.9386,,2.037,0.0108,,2.051,0.0000,,2.068,0.0000,,2.161,0.0000,,2.080,0.0000,,2.073,0.0535,,2.166,0.0000,,2.442,0.0000,,2.246,0.0000,,2.360,0.0000,,2.215,0.0000,,2.315,0.0000,,2.695,0.0000,,2.352,0.0000,,2.340,0.0000,,2.376,0.0000,,2.580,0.0000,,2.397,4.6108,,2.289,0.0000,,2.540,0.0000,,2.533,0.0000,,2.621,0.0000,,2.393,3.6973,,2.686,0.0000,,2.586,0.0000,,2.663,154.0058,,2.692,6.4671,,2.729,0.0000,,2.388,0.0000,,2.840,31.7932,,3.246,0.0000,,2.928,0.0000,,3.370,0.0000,,3.105,0.0000,,3.035,0.0000,,3.338,0.0000,,,,
!,!,T262580210,15SEP2026_LCMS6_MP_001_083.d,Sample,,9/15/2026 10:41 PM,P1-D10,0.447,5.0461,,,,,0.572,0.0000,,0.721,0.0000,,0.901,0.0000,,0.899,1.4555,,0.969,0.0000,,1.135,0.0000,,1.320,0.0000,,1.257,0.0000,,1.456,0.0000,,1.057,0.0000,,1.169,0.0000,,0.990,2.4118,,1.007,0.0000,,1.165,0.3058,,1.240,0.0000,,1.244,4.5061,,1.237,0.9149,,1.164,0.0000,,1.435,19.1843,,1.360,0.0000,,1.301,0.0000,,1.477,0.0000,,1.526,0.0000,,1.480,0.3622,,1.637,10.3188,,1.562,0.0000,,1.440,0.0000,,1.572,0.0000,,1.520,1.6060,,1.638,0.0000,,1.603,1.7884,,1.927,0.9795,,1.748,0.0000,,1.729,0.0000,,1.752,0.0000,,1.833,0.6460,,1.813,0.0000,,2.051,0.0000,,1.886,0.0000,,2.057,0.0000,,2.305,0.0000,,2.203,0.0459,,2.183,0.0000,,2.200,0.0000,,2.237,1954.4635,,,,,2.328,0.0000,,2.315,0.0000,,2.297,0.0000,,2.292,0.0000,,2.323,0.0000,,2.376,0.0000,,2.485,0.0000,,2.302,4.6151,,2.480,0.0000,,2.497,0.0000,,2.559,0.0000,,2.708,0.0000,,2.402,0.5002,,2.513,0.0000,,2.595,0.0000,,2.663,476.4288,,2.727,6.2526,,2.590,0.0000,,2.388,0.0000,,2.719,30.6942,,3.016,0.0000,,3.294,0.0000,,3.370,0.0000,,2.942,0.0000,,3.171,0.0000,,3.471,0.0000,,,,
!,!,T262580211,15SEP2026_LCMS6_MP_001_084.d,Sample,,9/15/2026 10:48 PM,P1-E10,0.557,2.3397,,0.391,0.4863,,0.589,0.0000,,1.010,0.0000,,0.893,0.0000,,0.993,1.5919,,1.003,0.0000,,1.135,5.1618,,1.029,0.0000,,1.120,0.0000,,1.283,0.0000,,1.074,0.0000,,1.169,0.0000,,1.015,2.3537,,1.325,0.0000,,1.140,1.2155,,1.300,0.0000,,1.235,5.9531,,0.895,1.0538,,1.172,0.0000,,1.452,19.1842,,1.274,0.0000,,1.301,0.0000,,1.494,0.0000,,1.664,0.0000,,1.497,0.4272,,1.508,10.3194,,1.571,2.4118,,1.689,0.0000,,1.624,0.0000,,1.701,2.1656,,1.655,0.0000,,,,,1.634,0.9649,,1.834,0.0000,,1.685,0.7446,,1.778,0.0000,,1.893,1.3466,,1.967,0.0000,,2.060,0.0000,,2.068,0.0000,,2.066,0.0000,,2.011,0.0000,,2.073,0.0532,,2.226,0.0000,,,,,2.255,0.0000,,2.342,0.0000,,2.250,0.0000,,2.306,181.2970,,2.245,0.0000,,2.387,0.0000,,2.080,0.0000,,2.376,0.0000,,2.528,0.0000,,2.319,0.0000,,2.497,0.0000,,2.540,0.0000,,2.551,0.0000,,2.518,0.0000,,2.402,0.4608,,2.496,0.0000,,2.603,0.0000,,2.680,0.0000,,2.830,6.2524,,2.755,0.0000,,2.959,0.0000,,3.054,32.6896,,2.828,0.0000,,3.065,0.0000,,3.370,0.0000,,2.942,0.0000,,3.094,0.0000,,3.563,0.0000,,4.513,751.7326,
!,!,T262580212,15SEP2026_LCMS6_MP_001_085.d,Sample,,9/15/2026 10:55 PM,P1-F10,0.440,0.9807,,0.400,0.0000,,,,,1.010,0.0000,,0.808,97171.0188,,1.018,3.2372,,0.850,0.0000,,1.135,0.0000,,1.029,0.0000,,1.145,0.0000,,1.275,0.0000,,1.074,0.0000,,1.160,0.0000,,1.178,2.2632,,1.316,0.0000,,1.174,0.3349,,1.291,0.0000,,1.218,4.3523,,1.306,0.8524,,1.164,0.0000,,1.392,19.2114,,1.368,0.0000,,1.310,0.0000,,1.469,0.0000,,1.768,0.0000,,1.549,0.3615,,1.499,10.7534,,1.562,0.0000,,1.638,0.0000,,1.520,1.6897,,1.632,337.1869,,1.638,0.0000,,1.586,2.3996,,1.755,0.9664,,1.481,0.0000,,1.806,0.0000,,1.761,0.0000,,1.997,0.0000,,1.872,0.0000,,2.051,51.3718,,1.834,0.0000,,2.161,0.0000,,2.123,0.0000,,2.299,0.0488,,2.356,0.0000,,2.286,0.0000,,2.246,0.0000,,2.282,0.0000,,2.215,0.0000,,2.306,0.0000,,,,,2.396,0.0000,,2.349,0.0000,,2.368,1458.2778,,2.606,0.0000,,2.328,4.6303,,2.471,0.0000,,2.644,0.0000,,2.508,0.0000,,2.889,0.0000,,2.393,5.7207,,2.599,0.0000,,2.586,2101.5578,,2.671,0.0000,,3.045,6.2781,,2.901,0.0000,,2.855,0.0000,,2.607,29.3958,,2.913,0.0000,,3.090,0.0000,,3.370,0.0000,,3.054,0.0000,,3.069,0.0000,,3.083,0.0000,,,,
!,!,T262580220,15SEP2026_LCMS6_MP_001_086.d,Sample,,9/15/2026 11:02 PM,P1-G10,0.498,7.4301,,0.400,0.0000,,,,,0.611,0.0000,,0.842,0.0000,,0.703,5.2627,,0.731,0.0000,,1.126,0.1735,,1.046,0.0000,,1.077,0.0000,,1.249,0.0000,,1.074,0.0000,,1.160,0.0000,,1.514,2.4884,,1.102,0.0000,,1.157,0.2916,,0.941,0.0000,,1.227,4.2152,,1.358,0.8326,,1.164,0.0000,,1.237,19.1904,,1.446,0.0000,,1.327,0.0000,,1.477,0.0000,,1.656,0.0000,,1.540,0.3658,,1.499,10.9021,,1.562,0.0000,,1.656,0.0000,,1.607,0.0000,,1.442,1.3768,,1.638,0.0000,,1.715,2.1627,,1.823,0.9742,,1.748,0.0000,,1.729,0.0000,,2.071,0.0000,,1.953,0.7177,,,,,2.051,2.9888,,1.938,0.0000,,2.179,0.0000,,2.236,0.0000,,2.238,0.0451,,2.434,0.0000,,2.035,0.0000,,2.246,0.0000,,2.134,0.0000,,2.050,0.0000,,2.306,0.0501,,2.436,0.0000,,2.335,0.0000,,2.331,0.0000,,2.368,0.0000,,2.373,0.0000,,2.380,4.7640,,2.480,0.0000,,2.523,0.0000,,2.655,0.0000,,2.336,0.0000,,2.393,2.8050,,2.582,0.0000,,2.595,0.0000,,2.663,0.0000,,2.657,6.2608,,2.772,0.0000,,2.821,0.0000,,3.037,33.2303,,3.008,0.0000,,2.670,0.0000,,3.370,0.0000,,3.164,0.0000,,3.043,0.0000,,3.329,0.0000,,,,
!,!,T262580224,15SEP2026_LCMS6_MP_001_087.d,Sample,,9/15/2026 11:10 PM,P1-H10,0.398,0.0185,,,,,0.581,0.0000,,0.712,0.0000,,0.808,180160.9885,,0.703,3.8123,,1.166,0.0000,,1.135,2.5949,,1.029,0.0000,,1.188,0.0000,,1.257,0.0000,,1.074,0.2299,,1.160,0.0000,,1.178,2.4101,,1.024,0.0000,,1.251,0.4096,,1.231,0.0000,,1.494,5.4088,,0.903,1.0298,,1.395,0.0000,,1.418,19.1917,,1.239,0.0000,,1.310,0.0000,,1.477,0.0000,,1.665,0.0000,,1.488,0.4381,,1.490,12.1282,,1.579,0.0000,,1.707,0.0000,,1.486,1.2362,,1.666,2.3611,,1.647,0.0000,,1.732,1.7332,,1.944,0.9965,,1.834,0.0000,,1.703,0.0000,,2.071,0.0000,,2.093,1.4576,,2.071,0.0000,,2.051,0.0000,,2.051,0.0000,,2.066,0.0000,,2.115,0.0000,,2.159,0.0466,,2.261,0.0000,,2.321,0.0000,,2.229,0.0000,,2.177,0.0000,,2.631,0.0000,,2.263,0.0000,,2.531,0.0083,,2.404,0.0000,,2.081,2.4022,,2.324,37089.7544,,2.477,0.0000,,2.406,5.1324,,2.471,0.0000,,2.419,0.0000,,2.672,0.0593,,2.449,0.0000,,2.402,1.6392,,2.322,0.0000,,2.569,10252.1154,,2.671,0.0000,,2.683,6.2538,,2.729,0.0000,,2.907,0.0000,,3.037,31.0684,,2.655,0.0000,,2.954,0.0000,,3.370,0.0000,,3.139,0.0000,,2.932,0.0000,,3.514,0.0000,,4.696,0.0000,
!,!,T262580227,15SEP2026_LCMS6_MP_001_088.d,Sample,,9/15/2026 11:17 PM,P1-A11,0.423,4.5878,,,,,0.572,0.0000,,0.942,0.0000,,0.808,96149.8676,,0.976,5.3755,,0.867,0.0000,,1.289,0.2757,,0.994,0.0000,,1.282,0.0000,,1.026,0.0000,,1.202,0.3174,,1.169,0.0000,,1.341,2.6112,,1.515,0.0000,,1.123,0.3695,,1.300,0.0000,,1.278,10.4366,,1.366,0.8393,,1.164,0.0000,,1.418,19.1922,,1.532,0.0000,,1.044,0.0000,,1.477,0.0000,,1.492,0.0000,,1.488,0.3523,,1.499,10.2319,,1.562,0.0000,,1.656,0.0000,,1.607,0.0000,,1.727,1.4598,,1.630,0.0000,,1.681,1.9132,,1.823,0.9701,,1.894,0.0000,,1.720,0.0000,,2.071,0.0000,,2.015,0.9224,,2.063,0.0000,,2.043,0.0000,,2.085,0.0000,,1.944,0.0000,,2.098,0.0000,,2.108,0.0462,,2.140,0.0000,,2.200,0.0000,,2.255,0.0000,,2.750,0.0000,,2.085,0.0000,,2.306,0.0000,,2.306,0.0000,,2.292,0.0000,,2.305,0.0000,,2.359,5174.8002,,2.485,0.0000,,2.467,4.6884,,2.298,0.0000,,2.445,0.0000,,2.499,0.0000,,2.630,0.0000,,2.402,2.9492,,2.366,0.0000,,2.595,1182.9070,,2.680,0.0000,,2.907,6.2565,,2.789,0.0000,,3.010,0.0000,,2.969,28.4521,,3.051,0.0000,,2.885,0.0000,,3.370,0.0000,,2.985,0.0000,,3.273,0.0000,,3.439,0.0000,,,,
!,!,T262580231,15SEP2026_LCMS6_MP_001_089.d,Sample,,9/15/2026 11:24 PM,P1-B11,0.557,4.7209,,0.490,0.9088,,,,,1.010,29.5125,,0.901,44.7397,,0.874,11.6193,,,,,0.989,0.0000,,1.029,9.3339,,1.111,0.0000,,1.421,5.2593,,1.065,1.6503,,1.160,102.6069,,1.169,441.5232,,1.265,0.0000,,1.191,2.8806,,1.249,0.0000,,1.235,6.9375,,1.246,1.1065,,1.164,0.0000,,1.443,19.3215,,1.385,0.0000,,1.319,0.0000,,1.486,0.0000,,1.690,0.0000,,1.514,0.3627,,1.490,10.2236,,1.554,1.2235,,1.647,0.0000,,1.702,0.2052,,1.640,29.1923,,1.647,0.0000,,1.852,3.4115,,1.892,1.1073,,1.748,0.3666,,1.685,0.0000,,2.071,0.0000,,1.704,1.9248,,2.080,0.0176,,2.051,0.0000,,1.877,0.0000,,2.231,0.0000,,2.322,0.0000,,2.082,0.0558,,2.166,0.0000,,2.191,0.0000,,2.246,0.0000,,2.021,0.0000,,2.276,0.0000,,2.332,0.0749,,2.349,0.0000,,2.422,0.0000,,2.366,0.0000,,2.376,0.0000,,2.338,0.0000,,2.423,4.8266,,2.471,0.0000,,2.419,0.0000,,2.611,0.0000,,2.717,0.0000,,2.550,57.4530,,2.617,0.0000,,2.603,0.0000,,2.663,1923.2918,,2.553,6.2888,,2.608,0.0000,,2.864,0.0000,,2.451,31.7882,,2.914,0.0000,,2.920,0.0000,,3.370,0.0000,,3.062,0.0000,,3.069,0.0000,,3.015,0.0000,,4.538,105.5472,
!,!,T262580233,15SEP2026_LCMS6_MP_001_090.d,Sample,,9/15/2026 11:31 PM,P1-C11,0.455,4.8662,,0.490,0.0000,,,,,0.721,0.0000,,0.816,189.6631,,0.568,0.0000,,1.081,0.0000,,1.135,0.4062,,1.037,0.0000,,1.325,0.0000,,1.266,0.0000,,1.211,0.0000,,1.169,0.0000,,1.410,2.5156,,1.247,0.0000,,1.131,0.5819,,1.240,0.0000,,1.227,4.2258,,1.228,0.8836,,1.164,0.0000,,1.435,19.1776,,1.584,0.0000,,1.319,0.0000,,1.494,0.0000,,1.707,0.0000,,1.488,0.3723,,1.637,10.3187,,1.571,0.0000,,1.431,0.0000,,,,,1.528,1.4877,,1.647,0.0000,,1.723,2.4467,,1.668,1.0100,,1.739,0.0000,,1.944,0.0000,,2.080,0.0000,,1.833,0.7807,,2.123,0.0000,,2.069,0.0000,,1.920,0.0000,,,,,2.210,0.0000,,2.030,0.0657,,2.244,0.0000,,2.191,0.0000,,2.237,0.0000,,2.151,0.0000,,2.371,0.0000,,2.315,0.0000,,2.514,0.0000,,2.327,0.0000,,2.167,0.0000,,2.376,0.0000,,2.865,0.0000,,2.310,5.4784,,2.480,0.0000,,2.506,0.0000,,2.594,0.0000,,2.578,0.0000,,2.601,0.0000,,2.522,0.0000,,2.595,0.0000,,2.654,0.0000,,2.562,6.3060,,,,,,,,2.823,29.0274,,2.922,0.0000,,3.099,0.0000,,3.370,0.0000,,3.088,0.0000,,3.086,0.0000,,3.143,0.0000,,4.521,707.2822,
!,!,T262580237,15SEP2026_LCMS6_MP_001_091.d,Sample,,9/15/2026 11:38 PM,P1-D11,0.447,3.4524,,0.482,0.0000,,,,,1.010,17.4442,,0.808,7624.3733,,0.695,8.5125,,0.858,0.0000,,1.126,0.0000,,1.020,34.4020,,1.111,0.0000,,1.172,0.0000,,1.057,0.0000,,1.160,72.0610,,0.998,2.5687,,1.333,0.0000,,1.157,0.3865,,1.231,0.0000,,1.476,4.3623,,1.220,0.9027,,1.164,0.0000,,1.599,19.3097,,1.248,0.0000,,1.310,0.0000,,1.460,0.0000,,1.483,0.0000,,,,,1.508,10.2316,,1.562,9.9691,,1.630,0.0000,,1.486,0.0000,,1.640,1.9825,,1.638,0.0000,,1.749,3.5368,,1.789,0.9918,,1.739,0.0000,,1.961,0.0000,,2.071,1.2927,,2.076,0.5694,,1.778,0.0542,,2.051,0.0000,,2.077,0.0000,,2.283,0.0000,,1.976,0.0000,,,,,2.356,0.0000,,2.252,0.0000,,2.237,0.0000,,2.100,0.0000,,2.259,0.0000,,2.306,0.0000,,2.340,0.0000,,2.222,0.0000,,2.383,0.0000,,2.376,0.0000,,2.329,0.0000,,2.596,4.6602,,2.489,0.0000,,2.514,60.1294,,2.369,0.0000,,2.475,0.0000,,2.680,0.0000,,2.513,0.0000,,2.604,0.0000,,2.671,0.0000,,2.692,7.1303,,2.901,0.0000,,2.717,0.0000,,3.208,29.4829,,2.742,0.0000,,2.902,0.0000,,3.370,0.0000,,3.079,0.0000,,2.967,0.0000,,3.363,0.0000,,4.538,1.0764,
!,!,T262580242,15SEP2026_LCMS6_MP_001_092.d,Sample,,9/15/2026 11:45 PM,P1-E11,0.472,4.7803,,0.400,0.0000,,,,,0.908,0.0000,,0.884,0.0000,,0.712,4.0277,,0.986,0.0000,,1.135,1.5668,,1.312,0.0000,,1.145,0.0000,,1.292,0.0000,,1.065,0.0000,,1.177,0.0000,,0.998,2.2919,,1.532,0.0000,,1.131,0.3778,,1.266,0.0000,,1.606,4.2259,,1.297,0.8398,,1.164,0.0000,,1.443,19.2042,,1.403,0.0000,,1.319,0.0000,,1.494,0.0000,,1.656,0.0000,,1.549,0.3734,,1.637,10.3160,,1.648,0.0000,,1.656,0.0000,,1.633,0.0000,,1.736,1.4588,,1.647,0.0000,,,,,1.772,0.9921,,1.902,0.0000,,1.729,0.0000,,1.872,0.0000,,2.076,0.8094,,2.080,0.0000,,2.060,0.0000,,2.068,0.0000,,2.092,0.0000,,2.063,0.0000,,2.125,0.0453,,2.114,0.0000,,2.148,0.0000,,2.237,0.0000,,2.533,0.0000,,2.232,0.0000,,2.289,0.0000,,2.236,0.0000,,2.318,0.0000,,2.280,0.0000,,2.350,5513.5431,,2.104,0.0000,,2.371,4.6282,,2.480,0.0000,,2.618,0.0000,,2.516,0.0000,,2.734,0.0000,,2.697,0.8654,,2.366,0.0000,,2.586,3697.8369,,2.663,0.0000,,2.631,6.2574,,2.738,0.0000,,2.942,0.0000,,,,,2.751,0.0000,,2.479,0.0000,,2.478,0.0000,,2.994,0.0000,,3.163,0.0000,,3.286,0.0000,,,,
!,!,T262580245,15SEP2026_LCMS6_MP_001_093.d,Sample,,9/15/2026 11:53 PM,P1-F11,0.540,2.3337,,0.408,0.0000,,,,,0.729,0.0000,,0.901,0.0000,,1.001,11.4849,,0.943,0.0000,,0.972,0.0000,,1.072,0.0000,,1.103,0.0000,,1.490,0.0000,,1.065,0.0000,,1.178,0.0000,,0.998,2.4415,,1.179,0.0000,,1.242,0.4632,,1.223,0.0000,,,,,1.220,0.8858,,1.232,0.0000,,1.435,19.1902,,1.428,0.0000,,1.310,0.0000,,1.494,0.0000,,1.698,0.0000,,1.411,0.3854,,1.499,11.9935,,1.554,0.0000,,1.561,0.0000,,1.633,0.8545,,1.710,1.4640,,1.647,0.0000,,1.886,2.8742,,1.875,1.0931,,1.731,0.0000,,1.720,0.0000,,1.778,0.0000,,1.962,1.0103,,1.915,0.0000,,2.043,0.0000,,2.068,0.0000,,1.841,0.0000,,2.521,0.0000,,2.073,0.0712,,2.235,0.0000,,2.122,0.0000,,2.229,0.0000,,2.212,0.0000,,2.016,0.0000,,2.289,0.0000,,2.488,0.0474,,2.404,0.0000,,2.297,0.9734,,2.350,5846.8231,,2.477,0.0000,,2.441,4.8740,,2.463,0.0000,,2.375,0.0000,,2.663,0.0000,,2.509,0.0000,,2.541,14.6018,,2.348,0.0000,,2.595,1696.3302,,2.663,0.0000,,2.657,6.2679,,2.772,0.0000,,2.743,0.0000,,2.797,29.3007,,2.672,0.0000,,2.876,0.0000,,3.370,0.0000,,3.122,0.0000,,3.196,0.0000,,3.355,0.0000,,,,
!,!,T262580248,15SEP2026_LCMS6_MP_001_094.d,Sample,,9/16/2026 12:00 AM,P1-G11,0.431,8.9257,,0.465,0.0000,,0.564,0.0000,,0.917,0.0000,,0.901,0.0000,,0.703,1.7510,,0.960,0.0000,,1.135,3.2364,,1.029,0.0000,,1.111,0.0000,,1.172,0.0000,,1.211,0.0000,,1.169,0.0000,,1.471,2.6364,,1.419,0.0000,,1.131,0.5688,,1.223,0.0000,,1.287,4.2391,,0.895,2.3279,,1.164,0.0000,,1.478,19.2086,,1.411,0.0000,,1.301,0.0000,,1.520,0.0000,,1.319,0.0000,,1.488,2001.6762,,1.499,10.4803,,1.562,142.3739,,1.647,0.0000,,1.572,0.0000,,1.718,2.0980,,1.647,0.0000,,1.621,2.1428,,1.798,1.0209,,1.800,0.0000,,1.694,0.0000,,2.071,8.9872,,1.971,1.4602,,1.769,0.2487,,2.051,0.0000,,2.059,0.0000,,2.213,0.0000,,2.244,0.0000,,2.168,21.9154,,2.200,1.7713,,1.880,0.0000,,2.246,0.0000,,2.177,0.0000,,2.475,0.0000,,2.297,0.0000,,2.462,0.0260,,2.119,0.0000,,2.305,0.6217,,2.359,7131.1698,,2.831,0.0000,,2.631,4.6954,,2.497,0.0000,,2.635,0.0000,,2.559,0.0000,,2.475,0.0000,,2.411,1.1737,,2.366,0.0000,,2.595,860.7451,,2.680,0.0000,,2.787,6.2600,,2.738,0.0000,,2.872,0.0000,,2.952,30.2156,,2.862,0.0000,,2.825,0.0000,,2.478,0.0000,,3.156,0.0000,,2.897,0.0000,,3.346,0.0000,,4.538,2944.9475,
!,!,T262580252,15SEP2026_LCMS6_MP_001_095.d,Sample,,9/16/2026 12:07 AM,P1-H11,0.523,1.8731,,0.391,0.0000,,,,,0.729,0.0000,,0.901,19.5424,,0.703,3.8094,,1.046,0.0000,,1.015,0.0000,,1.029,0.0000,,1.231,0.0000,,1.335,0.0000,,1.211,1.6937,,1.152,0.0000,,1.118,2.2721,,1.316,0.0000,,1.242,1.4488,,1.266,0.0000,,1.227,4.2584,,0.895,2.2560,,1.155,0.0000,,1.280,19.3206,,1.506,0.0000,,1.310,0.0000,,1.486,0.0000,,1.319,0.0000,,1.532,0.7071,,1.490,10.5820,,1.562,6.0113,,1.336,0.0000,,1.564,0.0000,,2.074,0.0000,,1.647,0.0000,,1.809,5.0052,,1.858,0.9890,,1.851,0.0000,,1.729,0.0000,,2.028,0.0000,,1.980,1.1050,,2.002,0.0000,,2.043,17.5108,,2.441,0.0000,,2.152,0.0000,,1.933,0.0000,,2.159,0.0551,,2.616,0.0000,,2.364,0.0000,,2.220,0.0000,,2.342,0.0000,,1.963,0.0000,,2.254,1.5856,,2.141,0.0000,,2.335,0.0000,,2.496,0.1382,,2.376,0.0000,,2.320,0.0000,,2.397,0.0000,,2.748,0.0000,,2.549,0.0000,,2.672,0.0000,,2.544,0.0000,,2.402,1.8784,,2.573,0.0000,,2.603,0.0000,,2.671,0.0000,,,,,2.738,0.0000,,2.743,0.0000,,3.199,42.3696,,2.811,0.0000,,2.911,0.0000,,3.370,0.0000,,3.360,0.0000,,2.958,0.0000,,3.338,0.0000,,4.546,1.0322,
!,!,T262580255,15SEP2026_LCMS6_MP_001_096.d,Sample,,9/16/2026 12:14 AM,P1-A12,0.565,2.8756,,0.408,0.0834,,,,,0.729,0.0000,,0.901,29.0999,,0.984,6.4088,,1.037,0.0000,,1.135,0.0000,,1.089,0.0000,,1.239,16.8883,,1.283,0.0000,,1.202,0.0000,,1.169,0.0000,,0.998,6.5017,,1.050,0.0000,,1.260,1.0201,,1.240,0.0000,,1.261,4.6692,,1.220,0.9236,,1.395,0.0000,,1.469,19.2531,,1.593,0.0000,,1.310,0.0000,,1.494,0.0000,,1.673,0.0000,,1.488,0.6976,,1.646,10.3451,,1.562,0.9906,,1.621,0.1888,,1.598,0.0000,,1.494,2.4908,,1.647,0.0000,,,,,1.892,1.2407,,1.868,0.2894,,1.737,0.0000,,2.071,0.0000,,,,,2.235,0.2816,,2.060,0.0000,,2.085,0.0000,,2.118,0.0000,,2.158,0.0000,,2.168,0.0929,,2.157,0.0000,,2.139,0.0000,,2.246,0.0000,,2.620,0.0000,,2.258,0.0000,,2.280,0.0000,,2.496,0.1778,,2.483,0.0000,,2.444,1.5840,,2.342,18902.5605,,2.477,0.0000,,2.493,4.9095,,2.463,0.0000,,2.445,0.0000,,2.429,0.0000,,2.777,0.0000,,2.402,0.1944,,2.340,0.0000,,2.586,3309.4815,,2.680,0.0000,,2.519,6.2520,,2.720,0.0000,,2.752,0.0000,,2.969,28.7973,,2.742,0.0000,,2.514,0.0000,,3.370,0.0000,,2.994,0.0000,,3.052,0.0000,,3.355,0.0000,,4.538,0.0000,
!,!,T262580257,15SEP2026_LCMS6_MP_001_097.d,Sample,,9/16/2026 12:21 AM,P1-B12,0.431,0.3627,,0.400,0.0000,,0.444,0.0000,,0.628,8.8918,,0.901,2.2963,,0.874,0.0000,,1.012,0.0000,,1.135,2.5622,,1.029,0.0000,,1.154,0.0000,,1.300,0.0000,,1.202,0.0000,,1.169,0.0000,,1.187,4.5729,,1.127,0.0000,,1.140,0.8599,,1.231,0.0000,,1.227,4.2702,,0.903,1.4728,,1.361,0.0000,,1.366,19.2297,,1.394,0.0000,,1.284,0.0000,,1.503,0.0000,,1.492,0.0000,,1.497,0.3799,,1.646,10.3188,,1.571,0.0000,,1.595,0.0000,,1.667,0.0000,,1.675,3.5713,,1.647,0.0000,,1.387,1.8689,,1.728,0.9759,,1.868,0.0000,,1.970,0.0000,,2.071,0.0462,,1.980,1.4128,,1.967,0.0063,,2.051,0.0000,,2.051,0.0000,,2.231,0.0000,,2.028,0.0000,,2.064,0.0547,,2.097,0.0000,,2.200,0.0000,,2.229,2521.2726,,2.265,0.0000,,2.328,0.0000,,2.306,0.0000,,2.263,0.0000,,2.344,0.0000,,2.323,0.0000,,2.359,0.2430,,2.320,0.0000,,2.692,4.7951,,2.480,0.0000,,2.289,0.0000,,2.551,0.0000,,2.466,0.0000,,2.385,1.0244,,2.505,0.0000,,2.604,0.0000,,2.671,0.0000,,2.666,6.2984,,2.738,0.0000,,2.761,0.0000,,3.029,29.7827,,2.776,0.0000,,2.825,0.0000,,2.729,0.0000,,3.352,0.0000,,3.248,0.0000,,3.588,0.0000,,4.538,0.0000,
!,!,T262580203,15SEP2026_LCMS6_MP_001_098.d,Sample,,9/16/2026 12:28 AM,P1-C12,0.406,0.0000,,0.465,0.3963,,0.546,0.0000,,,,,0.808,28.1208,,0.703,0.4730,,,,,0.972,1885.1948,,1.029,0.0000,,1.094,0.0000,,1.275,0.0000,,1.065,0.0000,,1.160,0.0000,,1.178,3.9558,,1.213,0.0000,,0.968,0.0000,,1.283,0.0000,,1.227,4.4135,,0.886,1.5477,,1.164,0.0000,,1.495,19.1744,,1.394,0.0000,,1.301,0.0000,,1.486,0.0000,,1.544,0.0000,,1.497,0.4294,,1.654,10.3095,,1.562,13.6398,,1.715,0.0000,,1.469,0.0000,,1.744,1.4283,,1.655,0.0000,,1.689,2.1162,,1.772,0.9697,,1.868,0.0000,,1.729,0.0000,,1.821,0.0000,,1.953,1682.4178,,1.976,0.0000,,2.051,0.0000,,2.206,0.0000,,2.075,0.0000,,2.262,0.0000,,2.091,0.0611,,2.391,0.0000,,2.338,0.0000,,2.246,0.0000,,2.316,0.0000,,2.302,0.0000,,2.306,0.0000,,2.158,0.0000,,2.352,0.0000,,2.375,685.9744,,2.376,0.0000,,2.346,0.0000,,2.432,4.6703,,2.506,0.0000,,2.506,0.0000,,2.508,0.0000,,2.492,0.0000,,2.393,1.6897,,2.513,0.0000,,2.595,0.0000,,2.654,0.0000,,2.536,6.2528,,2.789,0.0000,,3.147,0.0000,,2.676,27.7527,,2.664,1.4416,,2.661,0.0000,,3.370,0.0000,,2.985,0.0000,,3.129,0.0000,,3.109,0.0000,,4.705,0.0000,
!,!,T262580201,15SEP2026_LCMS6_MP_001_099.d,Sample,,9/16/2026 12:36 AM,P1-D12,0.540,2.9760,,0.408,0.0000,,0.589,0.0000,,1.010,0.0000,,0.901,0.0000,,0.712,0.0000,,1.046,0.0000,,1.135,2.9308,,1.037,0.0000,,1.145,0.0000,,1.317,0.0000,,1.202,0.0000,,1.169,0.0000,,1.006,3.6144,,1.213,0.0000,,1.140,0.8212,,1.266,0.0000,,1.235,4.2470,,0.903,2.3274,,1.164,0.0000,,1.461,19.2001,,1.455,0.0000,,1.319,0.0000,,1.486,0.0000,,1.535,0.0000,,1.497,0.5149,,1.663,10.3306,,1.571,3.2602,,1.664,0.0000,,1.857,0.4663,,1.494,1.4104,,1.655,0.0000,,1.681,1.9742,,,,,1.774,0.0000,,1.694,0.9103,,1.735,0.0000,,1.971,1.1872,,1.950,0.0000,,2.060,0.0000,,2.068,0.0000,,2.152,0.0000,,2.072,0.0000,,2.091,0.0679,,2.157,0.0000,,1.975,0.0000,,2.255,0.0000,,2.073,0.0000,,2.068,0.0000,,2.306,0.0000,,2.496,0.0000,,2.352,0.0000,,2.357,0.0000,,2.376,0.0000,,2.398,0.0000,,2.171,4.8133,,2.480,0.0000,,2.532,0.0000,,2.551,0.0000,,2.647,0.0000,,2.393,2.5321,,2.496,0.0000,,2.595,0.0000,,2.663,0.0000,,2.753,6.2570,,2.720,0.0000,,2.838,0.0000,,2.900,30.6184,,2.811,0.0000,,2.902,0.0000,,2.738,0.0000,,3.164,0.0000,,3.222,0.0000,,3.380,0.0000,,4.354,0.0000,
!,!,T262580198,15SEP2026_LCMS6_MP_001_100.d,Sample,,9/16/2026 12:43 AM,P1-E12,0.431,2.2694,,0.400,0.0000,,,,,1.010,2.5099,,0.893,12.0279,,0.763,5.2989,,1.055,0.0000,,0.981,0.0000,,1.020,10.7060,,0.846,0.0000,,1.412,0.0000,,1.057,0.0000,,1.160,0.0000,,1.298,2.3112,,1.342,0.0000,,1.200,0.3666,,1.291,0.0000,,1.459,4.2538,,1.237,0.8811,,1.164,5.2183,,1.375,19.2164,,1.567,0.0000,,1.310,0.0000,,1.486,0.0000,,1.294,0.0000,,1.592,0.3506,,1.447,10.2414,,1.562,0.0000,,1.698,0.0000,,1.564,0.0000,,1.494,1.3335,,1.638,0.0000,,1.672,1.6695,,1.892,0.9798,,1.868,0.0000,,1.711,0.0000,,1.769,0.0000,,1.988,0.6106,,1.933,0.0000,,2.043,0.0000,,2.111,0.0000,,1.988,0.0000,,2.149,0.0000,,2.073,0.0484,,2.209,0.0000,,2.001,0.0000,,2.246,0.0000,,2.039,0.0000,,2.007,0.0000,,2.323,0.0000,,2.340,0.0000,,2.344,0.0000,,2.340,0.0000,,2.368,0.0000,,2.372,0.0000,,2.484,4.6374,,2.463,0.0000,,2.575,0.0000,,2.568,0.0000,,2.526,0.0000,,2.636,0.0000,,2.539,0.0000,,2.604,0.0000,,2.663,0.0000,,2.683,6.2403,,2.686,0.0000,,2.872,0.0000,,2.952,31.6797,,2.811,0.0000,,3.227,0.0000,,3.370,0.0000,,3.011,0.0000,,3.001,0.0000,,3.338,0.0000,,4.546,0.0000,
!,!,T262580195,15SEP2026_LCMS6_MP_001_101.d,Sample,,9/16/2026 12:50 AM,P1-F12,0.423,2.8249,,0.482,0.0000,,,,,0.721,0.0000,,0.893,14.4791,,0.891,2.6143,,,,,1.135,0.7000,,1.072,0.0000,,1.137,0.0000,,1.181,0.0000,,1.057,0.5625,,1.160,0.0000,,0.990,2.2642,,1.128,0.0000,,1.123,0.3711,,1.231,0.0000,,1.244,4.2523,,0.895,1.1947,,1.284,0.0000,,1.478,19.1912,,1.394,0.0000,,1.327,0.0000,,1.477,0.0000,,1.475,0.0000,,1.506,0.3481,,1.386,10.2357,,1.562,0.0000,,,,,1.460,0.0000,,1.451,1.3706,,1.655,0.0000,,1.732,3.6241,,1.659,0.9732,,1.748,0.0000,,1.729,0.0000,,2.071,0.0742,,1.962,0.8814,,1.890,0.0000,,2.060,0.0000,,2.077,0.0000,,2.075,0.0000,,1.985,0.0000,,2.082,0.0651,,2.148,0.0000,,2.225,0.0000,,2.246,0.0000,,2.602,0.0000,,2.050,0.0000,,2.323,0.0000,,2.401,0.0000,,2.379,0.0000,,2.306,0.0000,,2.376,0.0000,,2.494,0.0000,,2.501,4.7366,,2.489,0.0000,,2.817,0.0000,,2.655,0.0000,,2.656,0.0000,,2.393,1.0116,,2.617,0.0000,,2.595,0.0000,,2.680,0.0000,,2.813,6.2547,,2.677,0.0000,,2.898,0.0000,,2.823,35.4613,,3.145,0.0000,,2.531,0.0000,,3.370,0.0000,,3.344,0.0000,,3.222,0.0000,,3.355,0.0000,,4.354,0.0000,
!,!,T262580192,15SEP2026_LCMS6_MP_001_102.d,Sample,,9/16/2026 12:57 AM,P1-G12,0.548,0.9098,,0.417,8.2455,,,,,0.712,0.0309,,0.901,4.5913,,0.831,3.1747,,1.037,0.0000,,1.135,5.8721,,1.012,0.0000,,1.094,0.0000,,1.386,5.2223,,1.194,0.2292,,1.177,0.0000,,1.367,3.0580,,1.419,0.0000,,1.140,0.8101,,1.249,0.0000,,,,,1.237,0.8826,,1.301,0.0000,,1.237,19.6160,,1.248,0.0000,,1.293,0.0000,,,,,1.664,0.0000,,1.419,0.3870,,1.403,10.2530,,1.579,0.0000,,1.656,0.0000,,1.866,0.5350,,1.744,2.0119,,1.655,0.0000,,1.664,2.4285,,1.711,0.9673,,1.765,0.1335,,1.953,0.0000,,1.906,0.0000,,1.962,5.6805,,1.795,0.0760,,2.069,0.0000,,2.441,0.0000,,2.144,0.0000,,2.253,0.0000,,2.282,0.0907,,2.105,0.0000,,2.303,0.0000,,2.237,0.0000,,,,,2.423,0.0000,,2.315,0.0000,,,,,2.344,0.0000,,2.314,1.3043,,2.368,0.0000,,2.364,0.0000,,2.613,4.9833,,2.428,0.0000,,2.488,0.0000,,2.559,0.0000,,2.621,0.0000,,2.550,86.6381,,2.695,0.0000,,2.603,0.0000,,2.680,0.0000,,2.631,6.2695,,2.755,0.0000,,2.915,0.0000,,2.977,29.7611,,2.793,0.0000,,2.902,0.0000,,3.370,0.0000,,3.054,0.0000,,2.950,0.0000,,3.380,0.0000,,4.529,2521.5435,
!,!,T262580189,15SEP2026_LCMS6_MP_001_103.d,Sample,,9/16/2026 1:04 AM,P1-H12,0.406,3.5679,,0.584,0.0000,,0.581,0.0000,,1.018,50.6496,,0.799,352896.4258,,0.560,12.0954,,1.046,0.0000,,1.135,5.4569,,1.029,1.6064,,1.120,0.0000,,1.172,2.0877,,1.056,2.1945,,1.160,0.0000,,1.006,2.7002,,1.188,0.0000,,1.140,0.4221,,1.283,0.0000,,1.227,4.2249,,0.912,2.1672,,1.164,4.2722,,1.220,19.2139,,1.455,0.0000,,1.310,0.0000,,1.727,0.0000,,1.371,0.0000,,1.385,0.3592,,1.395,10.2414,,1.571,2.1197,,1.440,0.0000,,1.745,0.2393,,1.683,1.7594,,1.664,0.0000,,1.603,2.9391,,1.858,1.0299,,1.885,0.0000,,1.694,0.0000,,2.071,20.5265,,1.953,283.0817,,1.967,0.0000,,2.051,380.0167,,2.441,0.0000,,2.118,0.0000,,2.045,0.0000,,2.159,0.0579,,2.174,0.0000,,2.079,0.0000,,2.246,0.0000,,2.386,0.0000,,2.102,0.0000,,2.315,0.0000,,2.150,0.2795,,2.352,0.0000,,2.375,390.2527,,2.376,0.0000,,2.580,0.0000,,2.622,5.4255,,2.454,0.0000,,2.323,0.0000,,2.559,0.0000,,2.310,0.0000,,2.393,0.2238,,2.660,0.0000,,2.612,0.0000,,2.680,0.0000,,2.701,13.8646,,2.677,0.0000,,2.761,0.0000,,2.477,36.6065,,2.905,0.0000,,2.574,0.0000,,3.370,0.0000,,2.985,0.0000,,3.137,0.0000,,3.312,0.0000,,,,
,!,L1,15SEP2026_LCMS6_MP_001_104.d,Cal,1,9/16/2026 1:11 AM,P1-A1,0.440,26.3545,105.4,0.465,39.5893,158.4,0.546,25.0449,100.2,0.797,50.0817,100.2,0.808,433.9186,173.6,0.814,137.4282,109.9,0.952,27.4615,109.8,0.989,49.4577,197.8,1.029,52.9796,106.0,1.103,12.5792,50.3,1.129,56.6361,226.5,1.142,74.4561,148.9,1.160,48.9195,97.8,1.178,6.3832,25.5,1.196,25.4860,101.9,1.208,4.9023,98.0,1.223,21.7611,87.0,1.227,20.5790,82.3,1.237,49.2307,98.5,1.292,45.9731,91.9,1.383,70.5099,141.0,1.428,25.9774,103.9,1.439,80.7016,161.4,1.469,23.9539,95.8,1.483,9.8630,197.3,1.488,6.9944,93.3,1.490,42.5853,170.3,1.562,25.6943,102.8,1.586,2.5161,100.6,1.598,11.6906,93.5,1.632,7.0943,56.8,1.638,24.2460,97.0,1.715,61.6275,246.5,1.763,15.4132,61.7,1.808,26.2077,104.8,1.815,17.2691,69.1,1.915,47.8223,191.3,1.945,8.7362,87.4,1.950,1.0235,102.3,2.043,25.4906,102.0,2.042,4.7729,95.5,2.118,20.4623,81.8,2.132,0.5608,56.1,2.168,0.9525,95.3,2.192,0.9821,98.2,2.200,151.4935,101.0,2.237,23.9376,95.8,2.238,0.9644,96.4,2.241,0.9131,91.3,2.297,11.8189,94.6,2.340,1.1816,118.2,2.361,6.8679,137.4,2.366,2.6481,105.9,2.368,25.1613,100.6,2.424,562.3877,374.9,2.449,10.4974,84.0,2.480,25.5676,102.3,2.514,12.1557,97.2,2.516,22.1816,88.7,2.544,24.2306,96.9,2.550,12.0614,96.5,2.582,42.7525,171.0,2.595,40.8883,163.6,2.663,17.0298,136.2,2.692,12.5000,100.0,2.755,18.6083,74.4,2.838,28.2391,113.0,2.883,144.6433,96.4,2.905,15.1504,60.6,2.920,21.3937,85.6,2.936,16.2326,64.9,3.122,49.7193,198.9,3.137,14.8747,59.5,3.446,16.9606,67.8,4.538,15.3311,153.3
,!,L2,15SEP2026_LCMS6_MP_001_105.d,Cal,2,9/16/2026 1:18 AM,P1-B1,0.440,48.3680,96.7,0.465,51.5303,103.1,0.546,49.5113,99.0,0.806,103.3467,103.3,0.808,531.2152,106.2,0.823,256.7896,102.7,0.960,51.4346,102.9,0.989,52.6208,105.2,1.029,102.4038,102.4,1.103,50.4941,101.0,1.138,53.7040,107.4,1.142,98.4396,98.4,1.160,109.1213,109.1,1.178,50.5214,101.0,1.196,51.3345,102.7,1.208,10.2472,102.5,1.223,57.1090,114.2,1.227,49.9874,100.0,1.237,102.3476,102.3,1.292,108.2657,108.3,1.383,97.1570,97.2,1.428,51.4590,102.9,1.439,135.0919,135.1,1.469,54.2649,108.5,1.492,10.5326,105.3,1.488,15.2670,101.8,1.490,50.2611,100.5,1.562,52.6567,105.3,1.586,4.8866,97.7,1.598,25.9248,103.7,1.632,24.9066,99.6,1.638,52.9723,105.9,1.715,45.0315,90.1,1.763,51.6835,103.4,1.808,49.4778,99.0,1.815,48.7818,97.6,1.915,53.6876,107.4,1.945,21.0649,105.3,1.950,1.9195,96.0,2.043,47.9755,96.0,2.051,10.2101,102.1,2.118,50.7481,101.5,2.132,1.8842,94.2,2.168,2.0562,102.8,2.192,2.2120,110.6,2.200,327.8881,109.3,2.237,51.5119,103.0,2.238,1.9982,99.9,2.241,2.0606,103.0,2.297,25.4117,101.6,2.340,1.7871,89.4,2.361,11.6321,116.3,2.366,5.1335,102.7,2.368,51.1497,102.3,2.424,278.3717,92.8,2.450,29.1106,116.4,2.480,51.0684,102.1,2.514,24.6891,98.8,2.516,52.0929,104.2,2.544,52.2831,104.6,2.550,26.4253,105.7,2.582,62.3035,124.6,2.595,52.6335,105.3,2.663,28.8599,115.4,2.692,32.8601,131.4,2.755,50.5854,101.2,2.838,50.3914,100.8,2.874,299.5612,99.9,2.914,51.2639,102.5,2.928,57.4024,114.8,2.936,37.8181,75.6,3.130,53.6857,107.4,3.146,49.3264,98.7,3.446,51.2872,102.6,4.538,20.1791,100.9
,!,L3,15SEP2026_LCMS6_MP_001_106.d,Cal,3,9/16/2026 1:26 AM,P1-C1,0.431,1019.7691,102.0,0.465,998.3128,99.8,0.538,1004.0947,100.4,0.797,2007.9447,100.4,0.808,9991.2486,99.9,0.823,4993.6560,99.9,0.943,998.5003,99.9,0.981,1113.3627,111.3,1.020,2039.9831,102.0,1.094,966.0621,96.6,1.121,1131.0128,113.1,1.134,2039.7828,102.0,1.152,1946.4268,97.3,1.169,673.0149,67.3,1.188,850.9493,85.1,1.200,189.5142,94.8,1.214,998.0873,99.8,1.227,783.5195,78.4,1.228,2024.6475,101.2,1.292,1986.3176,99.3,1.375,2197.1726,109.9,1.428,1021.2766,102.1,1.430,2189.1648,109.5,1.460,995.5308,99.6,1.483,199.7269,99.9,1.480,294.8874,98.3,1.490,1090.0759,109.0,1.562,998.4066,99.8,1.578,95.1486,95.1,1.589,507.5836,101.5,1.632,414.8213,83.0,1.638,1006.2634,100.6,1.715,1065.0374,106.5,1.763,902.9162,90.3,1.808,992.8572,99.3,1.815,988.5989,98.9,1.924,1165.6940,116.6,1.962,377.2770,94.3,1.958,38.5303,96.3,2.043,935.8089,93.6,2.051,201.4612,100.7,2.127,973.1952,97.3,2.132,35.4534,88.6,2.168,38.1677,95.4,2.192,39.7788,99.4,2.200,6434.2844,107.2,2.237,973.4083,97.3,2.238,40.5584,101.4,2.241,39.7902,99.5,2.297,491.4862,98.3,2.331,39.2482,98.1,2.361,232.0556,116.0,2.366,96.6765,96.7,2.368,988.0359,98.8,2.424,7182.6460,119.7,2.441,460.7557,92.2,2.463,1005.6220,100.6,2.506,474.1292,94.8,2.508,993.2311,99.3,2.535,995.9569,99.6,2.541,497.8258,99.6,2.565,956.5208,95.7,2.586,998.9673,99.9,2.663,572.1942,114.4,2.683,493.3843,98.7,2.755,964.9874,96.5,2.838,1034.0440,103.4,2.874,5705.4022,95.1,2.905,864.3184,86.4,2.920,996.2039,99.6,2.936,788.5089,78.9,3.122,999.2570,99.9,3.146,1004.8159,100.5,3.446,1002.6891,100.3,4.538,388.7648,97.2
,!,QC L,15SEP2026_LCMS6_MP_001_107.d,QC,4,9/16/2026 1:33 AM,P1-D1,0.440,39.0346,104.1,0.465,36.9135,98.4,0.546,35.3804,94.3,0.797,71.8891,95.9,0.808,368.8870,98.4,0.814,168.9917,90.1,0.952,31.4569,83.9,0.989,38.8847,103.7,1.029,74.8690,99.8,1.103,31.8370,84.9,1.129,36.1103,96.3,1.142,73.9647,98.6,1.160,74.8904,99.9,1.178,35.7955,95.5,1.196,42.9133,114.4,1.208,7.6497,102.0,1.223,33.4215,89.1,1.227,37.2751,99.4,1.237,75.0553,100.1,1.292,67.9964,90.7,1.383,74.5820,99.4,1.428,33.7700,90.1,1.439,73.5954,98.1,1.469,33.7375,90.0,1.492,9.4769,126.4,1.488,10.4330,92.7,1.490,37.6970,100.5,1.562,35.7538,95.3,1.586,4.0095,106.9,1.598,19.8583,105.9,1.632,17.6590,94.2,1.638,38.3860,102.4,1.715,31.9357,85.2,1.763,38.3252,102.2,1.808,38.1228,101.7,1.815,33.8143,90.2,1.915,35.1240,93.7,1.945,14.3143,95.4,1.950,1.5234,101.6,2.043,32.4959,86.7,2.051,8.1373,108.5,2.118,32.0327,85.4,2.132,1.2833,85.6,2.168,1.2748,85.0,2.192,1.5196,101.3,2.200,189.8322,84.4,2.237,36.9190,98.5,2.247,1.2842,85.6,2.241,1.2649,84.3,2.297,17.6806,94.3,2.340,1.1626,77.5,2.361,7.5751,101.0,2.366,3.6561,97.5,2.368,35.3680,94.3,2.424,187.4487,83.3,2.458,23.4873,125.3,2.480,35.6084,95.0,2.514,15.4878,82.6,2.516,36.0030,96.0,2.544,35.7410,95.3,2.550,17.8613,95.3,2.582,38.3025,102.1,2.595,36.9958,98.7,2.663,17.3238,92.4,2.692,24.2494,129.3,2.755,39.2537,104.7,2.838,35.2690,94.1,2.866,282.1366,125.4,2.905,34.1814,91.2,2.920,35.6455,95.1,2.936,23.1292,61.7,3.122,37.4285,99.8,3.137,34.9195,93.1,3.446,34.7577,92.7,4.538,14.1009,94.0
,!,QC H,15SEP2026_LCMS6_MP_001_108.d,QC,5,9/16/2026 1:40 AM,P1-E1,0.431,704.8816,112.8,0.465,594.7639,95.2,0.546,632.2407,101.2,0.806,1228.5647,98.3,0.816,6192.2630,99.1,0.823,3203.1663,102.5,0.952,563.7161,90.2,0.989,631.3646,101.0,1.029,1294.0888,103.5,1.094,612.1200,97.9,1.121,613.8652,98.2,1.142,1200.3800,96.0,1.160,1253.1750,100.3,1.178,538.6240,86.2,1.188,625.2390,100.0,1.208,102.1635,81.7,1.214,606.0904,97.0,1.227,626.6972,100.3,1.237,1268.7850,101.5,1.292,1204.7289,96.4,1.383,1246.8470,99.7,1.428,612.6544,98.0,1.439,1333.8072,106.7,1.460,597.0042,95.5,1.492,134.8303,107.9,1.488,177.5939,94.7,1.490,643.5308,103.0,1.562,615.9316,98.5,1.586,67.7655,108.4,1.589,333.4882,106.7,1.632,279.6860,89.5,1.638,640.0195,102.4,1.715,619.5354,99.1,1.763,609.7720,97.6,1.808,621.2604,99.4,1.815,634.2560,101.5,1.915,595.7583,95.3,1.953,241.9950,96.8,1.950,26.5897,106.4,2.043,570.5498,91.3,2.051,138.4509,110.8,2.127,528.5738,84.6,2.132,24.5943,98.4,2.168,22.8674,91.5,2.192,26.8852,107.5,2.200,3347.8496,89.3,2.237,610.1221,97.6,2.247,25.5515,102.2,2.241,24.1161,96.5,2.297,298.2867,95.5,2.340,24.5421,98.2,2.361,131.8521,105.5,2.366,59.1450,94.6,2.368,600.6646,96.1,2.424,3598.1493,96.0,2.449,262.2020,83.9,2.471,611.0041,97.8,2.514,261.7882,83.8,2.516,591.6797,94.7,2.544,605.4266,96.9,2.550,326.3947,104.4,2.582,644.2402,103.1,2.595,635.0840,101.6,2.663,302.0374,96.7,2.692,290.2427,92.9,2.755,654.0248,104.6,2.838,618.2362,98.9,2.874,3932.8692,104.9,2.905,527.3752,84.4,2.920,583.8741,93.4,2.936,522.4505,83.6,3.122,648.5879,103.8,3.146,637.4280,102.0,3.446,635.2225,101.6,4.538,227.9423,91.2
,!,QC N,15SEP2026_LCMS6_MP_001_109.d,Blank,,9/16/2026 1:47 AM,P1-F1,0.557,5.9899,,0.457,0.0000,,0.538,0.0000,,0.789,0.0000,,0.825,0.0000,,1.087,1.3984,,0.935,0.0000,,0.896,0.0000,,1.046,0.0000,,1.103,0.0000,,1.129,0.0000,,1.202,0.0077,,1.160,0.0000,,1.350,2.2728,,1.179,0.0000,,,,,1.620,0.0000,,1.235,4.2441,,1.237,0.8573,,1.292,0.0000,,1.392,19.2179,,1.428,0.0000,,1.448,0.0000,,1.469,0.0000,,1.492,0.0000,,1.488,0.3442,,1.637,10.3516,,1.545,0.0000,,1.621,0.0000,,1.598,0.0000,,1.571,1.3170,,1.630,0.0000,,1.697,1.6942,,1.737,1.0155,,1.791,0.0000,,1.807,0.0000,,1.769,0.0000,,1.962,0.5291,,1.924,0.0000,,2.043,0.0000,,2.033,0.0000,,2.049,0.0000,,2.141,0.0000,,2.168,0.0532,,2.209,0.0000,,2.148,0.0000,,2.237,0.0000,,2.247,0.0000,,2.259,0.0000,,2.315,0.0000,,2.366,0.0000,,2.352,0.0000,,2.401,0.0000,,2.368,0.0000,,2.191,0.0000,,2.458,4.6189,,2.480,0.0000,,2.540,0.0000,,2.516,0.0000,,2.544,0.0000,,2.558,0.0000,,2.599,0.0000,,2.604,0.0000,,2.663,0.0000,,2.683,6.4149,,2.763,0.0000,,2.812,0.0000,,2.857,29.6549,,2.914,0.0000,,2.911,0.0000,,3.370,0.0000,,3.113,0.0000,,3.180,0.0000,,3.446,0.0000,,,,
